employeeID,projectID,hours,role
1193,153,150,Tech Lead
1805,31,14,Subject Matter Expert
1150,134,22,Business Analyst
1458,439,117,QA Engineer
1921,499,61,Subject Matter Expert
182,372,85,DevOps Engineer
134,411,136,Scrum Master
1240,322,19,Business Analyst
1041,39,70,Consultant
1691,46,104,Architect
28,466,8,Business Analyst
1994,311,102,Data Analyst
1345,275,8,Subject Matter Expert
1455,139,59,Designer
521,22,143,QA Engineer
1582,122,77,Tech Lead
1544,479,54,Senior Developer
645,185,99,Architect
1795,274,33,Developer
1795,193,68,Tech Lead
1257,222,109,Designer
1866,283,76,Project Manager
946,296,51,Project Manager
1903,188,61,Data Analyst
14,449,43,Senior Developer
1621,139,20,QA Engineer
1012,494,124,Scrum Master
1012,374,154,Senior Developer
442,482,65,Tech Lead
57,415,50,Product Owner
1392,416,47,Subject Matter Expert
671,99,57,Scrum Master
714,431,147,Architect
998,186,41,Subject Matter Expert
1507,229,71,Product Owner
1304,51,56,Business Analyst
1486,495,157,Designer
1344,177,63,DevOps Engineer
1517,422,117,Intern
247,276,142,Developer
1230,219,95,Business Analyst
1006,74,137,Business Analyst
1146,220,71,Consultant
510,108,9,Subject Matter Expert
1001,369,160,Data Analyst
1827,430,65,Project Manager
318,285,13,Senior Developer
1585,226,67,Developer
364,265,139,Designer
1911,500,136,Project Manager
358,376,110,QA Engineer
368,165,21,Consultant
667,71,148,Business Analyst
43,269,53,Tech Lead
681,417,62,Business Analyst
1590,288,8,Subject Matter Expert
1271,415,115,DevOps Engineer
761,392,118,Subject Matter Expert
1962,361,88,Designer
765,473,6,Business Analyst
1034,276,153,Architect
222,119,70,Designer
1348,339,123,Business Analyst
1246,465,94,DevOps Engineer
199,90,36,Project Manager
408,313,68,Consultant
1406,373,129,Business Analyst
1728,40,90,Project Manager
90,412,40,Developer
1984,175,70,QA Engineer
512,370,25,Data Analyst
1821,85,15,Architect
1166,51,96,Subject Matter Expert
238,287,110,Developer
1603,285,113,QA Engineer
786,207,40,Architect
1951,469,116,Tech Lead
473,174,88,Scrum Master
579,292,15,QA Engineer
1440,494,37,Tech Lead
1015,321,114,Consultant
1030,194,101,Business Analyst
1412,410,11,Subject Matter Expert
1437,407,134,Tech Lead
1119,24,13,QA Engineer
266,129,142,Project Manager
1071,317,51,Developer
1694,456,111,Senior Developer
176,446,110,Developer
1338,300,147,Consultant
1339,366,56,QA Engineer
1693,455,62,Data Analyst
339,124,25,Data Analyst
1552,483,21,DevOps Engineer
200,355,44,Project Manager
1513,488,150,Scrum Master
1595,103,23,Architect
979,366,93,Architect
1935,233,116,Consultant
1164,22,59,Architect
638,267,53,Senior Developer
1569,91,155,QA Engineer
245,483,41,Senior Developer
113,210,109,Data Analyst
328,422,160,Consultant
1436,92,29,QA Engineer
265,474,61,Project Manager
1333,31,127,Product Owner
431,337,34,Senior Developer
1207,284,29,Product Owner
457,223,34,Product Owner
1575,437,78,Project Manager
1656,13,79,Product Owner
106,287,88,Business Analyst
789,392,91,DevOps Engineer
508,455,5,Architect
1301,478,70,Intern
304,135,102,Tech Lead
525,75,128,Subject Matter Expert
1143,305,131,Consultant
727,62,77,Product Owner
161,313,26,Project Manager
1629,412,26,Project Manager
1240,6,23,Business Analyst
1163,433,124,Architect
1337,499,40,Business Analyst
638,316,76,Intern
1739,92,72,Data Analyst
1773,81,96,Subject Matter Expert
1011,2,154,Product Owner
1592,108,16,Designer
871,222,99,QA Engineer
492,359,151,Developer
256,346,128,DevOps Engineer
1432,186,25,Consultant
1242,206,126,Data Analyst
296,111,130,Business Analyst
1909,285,122,Architect
137,383,100,DevOps Engineer
567,127,126,QA Engineer
1699,133,111,Intern
1874,197,123,Consultant
87,106,61,Data Analyst
1478,380,26,Data Analyst
904,321,76,Project Manager
1547,500,59,Senior Developer
38,500,120,Developer
926,89,30,Designer
880,79,41,DevOps Engineer
1033,63,138,Scrum Master
514,341,64,Designer
564,488,54,Scrum Master
695,288,25,Architect
403,261,152,Scrum Master
1101,46,90,Data Analyst
826,496,157,Consultant
190,497,103,Consultant
1068,357,78,Architect
1240,132,108,Product Owner
877,381,130,Business Analyst
1378,146,26,DevOps Engineer
83,455,5,QA Engineer
1665,400,53,Subject Matter Expert
1309,470,75,Scrum Master
75,351,16,QA Engineer
542,263,76,Architect
200,174,52,Product Owner
191,229,143,DevOps Engineer
433,375,48,Consultant
921,114,126,Designer
1296,15,141,Project Manager
1311,197,73,Architect
1858,195,15,Designer
457,240,61,Business Analyst
951,420,113,Intern
1674,36,119,DevOps Engineer
510,302,159,Intern
1892,337,136,Architect
962,293,103,Business Analyst
960,387,145,QA Engineer
844,383,70,Tech Lead
1451,472,19,Subject Matter Expert
273,99,21,QA Engineer
1682,327,82,Senior Developer
1985,100,160,Project Manager
1183,162,117,Subject Matter Expert
957,41,145,Intern
254,350,21,Senior Developer
875,480,122,Senior Developer
1954,423,107,QA Engineer
1684,175,134,Data Analyst
960,102,146,Intern
1921,280,103,QA Engineer
859,236,88,Project Manager
1568,415,117,Tech Lead
835,329,102,Subject Matter Expert
1843,268,6,Consultant
335,438,35,Intern
484,358,152,Tech Lead
1379,145,84,DevOps Engineer
366,270,67,Scrum Master
17,475,140,Scrum Master
1452,248,31,Business Analyst
1519,408,118,QA Engineer
1242,294,54,Designer
1678,87,64,Designer
896,152,58,Project Manager
1603,177,38,Intern
1745,161,65,Consultant
1220,207,114,Subject Matter Expert
1923,91,93,Developer
1361,467,143,Architect
1037,96,133,Architect
1034,40,49,Subject Matter Expert
1258,124,41,Project Manager
1641,437,25,Senior Developer
1283,362,97,Intern
1590,380,79,Business Analyst
1286,409,154,Tech Lead
145,186,116,DevOps Engineer
1558,306,34,Product Owner
1616,386,126,QA Engineer
1090,145,16,DevOps Engineer
157,193,16,Senior Developer
1596,353,150,Designer
1744,24,13,Subject Matter Expert
747,256,124,Consultant
1617,246,118,Scrum Master
1560,236,129,Designer
1312,53,116,Developer
1842,410,139,Data Analyst
568,211,149,Designer
1944,165,64,QA Engineer
1013,279,159,QA Engineer
1128,215,21,Senior Developer
1607,125,132,Developer
729,474,134,DevOps Engineer
1644,219,85,Developer
1259,487,160,Product Owner
54,492,103,Tech Lead
767,103,27,Designer
1552,91,27,Product Owner
27,425,40,Consultant
131,395,73,Designer
971,78,45,QA Engineer
1501,117,34,Designer
571,491,27,Architect
957,255,88,Product Owner
1533,405,15,QA Engineer
85,65,69,Scrum Master
175,364,77,Data Analyst
283,30,109,Senior Developer
1932,268,140,Intern
1096,299,89,Designer
1644,362,39,Developer
1235,301,138,Consultant
516,238,27,Intern
951,391,91,Subject Matter Expert
219,487,56,Scrum Master
808,136,98,QA Engineer
849,201,38,Developer
1698,207,22,Developer
448,500,158,Business Analyst
1940,166,118,Intern
1855,117,97,Business Analyst
1247,27,72,Consultant
2,142,43,QA Engineer
1902,134,90,Scrum Master
338,283,37,DevOps Engineer
1193,219,116,Designer
1722,469,17,Product Owner
370,440,112,Architect
409,155,99,QA Engineer
568,128,135,Project Manager
428,305,42,Project Manager
1750,253,94,Product Owner
1978,22,96,Data Analyst
1213,343,21,Senior Developer
1193,481,134,Subject Matter Expert
1774,341,113,Consultant
1250,406,157,Product Owner
317,173,136,Product Owner
1405,272,109,Intern
1222,13,118,Developer
1367,216,136,QA Engineer
1262,481,62,Subject Matter Expert
1568,35,144,DevOps Engineer
9,174,153,Architect
280,64,160,DevOps Engineer
128,201,118,Scrum Master
1839,207,105,Tech Lead
1993,101,142,Tech Lead
883,322,28,DevOps Engineer
149,395,159,Intern
1799,378,110,Business Analyst
1011,497,72,Intern
566,22,34,Designer
1511,110,134,Subject Matter Expert
352,371,96,Project Manager
718,250,24,Data Analyst
1035,290,45,Consultant
168,500,57,Architect
1199,68,145,Intern
698,27,66,Intern
1091,197,108,Tech Lead
1324,408,67,Senior Developer
829,412,150,Developer
1627,419,110,Developer
76,263,80,Consultant
1411,295,19,Intern
1771,79,102,Designer
1132,274,149,Intern
276,352,37,Intern
485,198,55,Intern
1395,166,48,Senior Developer
1702,384,91,Data Analyst
509,337,49,Designer
155,4,135,Senior Developer
1602,257,50,Tech Lead
1293,410,44,Consultant
1186,201,119,Designer
1607,120,91,Intern
1082,226,75,Designer
1181,34,75,Tech Lead
1865,245,100,Consultant
198,458,126,Consultant
1462,151,54,QA Engineer
1180,81,139,Senior Developer
1634,183,88,Data Analyst
1985,124,97,Business Analyst
608,38,131,Intern
1759,173,71,Designer
401,273,54,Intern
783,230,14,Business Analyst
70,447,76,Tech Lead
1867,452,66,Subject Matter Expert
276,429,118,Business Analyst
406,450,134,Subject Matter Expert
276,32,109,Tech Lead
823,358,131,Project Manager
898,116,99,Architect
531,379,121,Designer
1044,151,25,Subject Matter Expert
870,324,11,Intern
1244,176,58,Intern
856,426,117,Project Manager
1862,248,65,Consultant
419,93,133,Senior Developer
93,433,68,Consultant
1151,230,45,Business Analyst
1563,126,80,Subject Matter Expert
541,408,34,Tech Lead
1498,440,79,Intern
1737,264,61,Product Owner
1081,497,132,QA Engineer
1203,209,11,Subject Matter Expert
400,308,64,QA Engineer
639,15,29,Senior Developer
1499,350,146,Business Analyst
276,27,70,Intern
684,436,146,DevOps Engineer
1052,237,111,Intern
1465,72,88,Business Analyst
1585,201,13,Scrum Master
64,40,71,Scrum Master
1057,499,138,Developer
1832,325,10,Intern
1421,403,55,Scrum Master
1740,380,78,Tech Lead
29,307,25,Product Owner
465,76,76,QA Engineer
1902,307,49,Intern
1014,119,122,Project Manager
609,236,87,Senior Developer
773,119,118,Tech Lead
1374,243,87,Intern
133,227,96,Subject Matter Expert
1792,110,109,Business Analyst
593,133,137,Tech Lead
1782,299,105,Data Analyst
1880,389,27,Project Manager
334,190,28,Tech Lead
1257,236,126,DevOps Engineer
1548,106,106,Business Analyst
261,435,159,Product Owner
1103,341,69,Data Analyst
246,88,28,DevOps Engineer
1155,441,25,Product Owner
1279,477,158,Scrum Master
1070,98,42,QA Engineer
1871,273,131,DevOps Engineer
344,275,22,Developer
1676,427,42,Consultant
228,467,103,Subject Matter Expert
456,173,17,Product Owner
770,172,6,Intern
921,364,147,Subject Matter Expert
1947,3,147,Tech Lead
1256,457,92,Scrum Master
865,20,8,Scrum Master
1526,114,118,Tech Lead
1764,277,141,Designer
1942,318,47,Consultant
36,440,149,Intern
333,266,47,Subject Matter Expert
159,52,30,Senior Developer
471,30,71,Product Owner
1835,10,17,DevOps Engineer
500,270,56,Senior Developer
81,96,78,Intern
696,69,121,QA Engineer
1149,240,129,Senior Developer
328,26,78,QA Engineer
419,445,87,Project Manager
316,317,13,Product Owner
1472,64,60,Project Manager
1789,293,150,Consultant
999,447,38,Intern
1107,130,22,Product Owner
669,100,155,Tech Lead
965,78,150,Architect
391,444,52,QA Engineer
1120,150,39,Business Analyst
266,382,26,Tech Lead
329,482,65,Business Analyst
1874,409,30,Designer
79,264,31,Designer
1898,449,32,Subject Matter Expert
1234,258,149,Consultant
484,364,149,Product Owner
1253,111,24,Designer
1262,459,143,Product Owner
658,328,24,Senior Developer
1646,328,144,Product Owner
841,16,134,Intern
845,38,44,Developer
1441,468,119,Business Analyst
1113,428,15,Developer
954,393,128,Product Owner
223,276,58,Designer
153,251,55,Business Analyst
1603,21,85,Senior Developer
929,498,102,Business Analyst
437,314,100,Consultant
1282,262,157,Intern
1342,427,5,Designer
159,472,155,QA Engineer
964,151,77,Designer
72,137,13,Data Analyst
1377,482,18,DevOps Engineer
225,184,5,QA Engineer
1060,500,135,Subject Matter Expert
808,356,31,Subject Matter Expert
1628,345,113,Subject Matter Expert
1018,273,31,Developer
1812,322,8,Tech Lead
1511,452,34,Tech Lead
1087,480,26,Product Owner
841,60,16,Developer
1921,112,60,Project Manager
270,11,40,Scrum Master
633,145,91,Architect
853,192,100,Data Analyst
1190,389,154,DevOps Engineer
76,354,35,Intern
144,93,94,Business Analyst
809,177,114,Scrum Master
1872,348,32,Tech Lead
1938,77,135,Product Owner
1390,120,8,Senior Developer
699,250,27,Business Analyst
508,381,80,Data Analyst
496,479,109,Business Analyst
1476,207,86,Business Analyst
805,16,149,Designer
32,81,74,Product Owner
1647,457,121,Scrum Master
1608,452,33,Senior Developer
500,444,35,Developer
1131,492,60,Scrum Master
826,323,97,Developer
1712,118,134,DevOps Engineer
1783,164,68,Designer
777,265,126,Developer
1804,430,47,Project Manager
630,430,110,Scrum Master
179,319,124,Senior Developer
1788,236,93,Scrum Master
571,220,71,Project Manager
1291,333,143,Architect
1493,26,77,Senior Developer
1016,327,139,Scrum Master
1,451,71,Business Analyst
1115,202,49,Designer
1406,296,126,Developer
491,409,129,Architect
1188,247,88,Designer
1363,179,57,Data Analyst
911,408,108,Architect
1653,155,146,Tech Lead
1253,152,149,Scrum Master
1860,101,107,Tech Lead
561,67,16,Project Manager
5,300,136,DevOps Engineer
1558,467,45,Project Manager
1394,354,119,Consultant
970,161,125,Subject Matter Expert
1394,79,156,Consultant
1964,26,99,QA Engineer
802,117,158,Product Owner
1288,386,72,Scrum Master
398,283,107,Data Analyst
1066,108,46,DevOps Engineer
324,14,133,Scrum Master
1798,497,55,Consultant
437,395,45,Subject Matter Expert
1181,371,104,Subject Matter Expert
1553,8,53,Product Owner
785,284,100,Designer
36,40,86,Data Analyst
1411,283,124,Designer
1705,459,89,QA Engineer
1109,27,14,Subject Matter Expert
1559,440,43,Developer
970,411,79,Data Analyst
404,430,20,Project Manager
970,58,123,Data Analyst
1107,88,6,QA Engineer
306,56,157,Developer
107,130,69,Scrum Master
766,421,81,Developer
417,154,15,Business Analyst
1332,256,154,Architect
421,361,102,Subject Matter Expert
1092,321,70,Consultant
149,375,124,Product Owner
817,168,17,Intern
1363,354,19,DevOps Engineer
1481,235,5,Architect
1159,182,14,Product Owner
1077,402,151,Data Analyst
710,13,71,Developer
479,128,41,Data Analyst
437,281,54,DevOps Engineer
1908,435,71,Intern
438,428,144,Developer
1449,462,142,Architect
1869,117,70,Business Analyst
85,352,136,Consultant
622,348,9,DevOps Engineer
1493,308,34,Business Analyst
522,240,52,Scrum Master
959,203,98,Subject Matter Expert
110,144,150,Consultant
168,259,156,Developer
471,322,106,Intern
1505,358,157,Subject Matter Expert
1922,448,153,Architect
571,483,152,Intern
659,326,154,Senior Developer
1216,152,110,Scrum Master
1455,451,76,Product Owner
1578,15,96,DevOps Engineer
1624,440,96,Intern
18,381,123,Data Analyst
1063,337,93,Senior Developer
1206,448,22,Developer
1254,437,54,Business Analyst
1305,237,150,Developer
1097,35,156,Intern
882,448,134,Developer
1914,357,35,Senior Developer
223,110,97,Project Manager
561,409,85,Business Analyst
1389,272,25,Designer
942,113,126,Senior Developer
1786,307,141,Business Analyst
29,454,109,Senior Developer
1551,61,81,DevOps Engineer
454,395,10,Business Analyst
858,73,104,Scrum Master
1961,467,143,Consultant
1806,326,63,Intern
789,66,119,Scrum Master
428,184,103,Senior Developer
222,396,37,Subject Matter Expert
346,219,153,Scrum Master
1402,338,8,Project Manager
94,244,76,Consultant
1204,301,147,Designer
1433,278,61,DevOps Engineer
162,198,157,Developer
878,468,58,Product Owner
443,382,9,Developer
732,268,40,Data Analyst
888,379,34,Tech Lead
923,410,62,Intern
406,302,60,Developer
634,120,81,DevOps Engineer
1698,328,142,Subject Matter Expert
126,372,133,QA Engineer
1382,4,153,Project Manager
880,257,77,DevOps Engineer
498,275,130,QA Engineer
1346,78,134,Product Owner
153,126,93,QA Engineer
506,457,95,Tech Lead
1260,404,8,QA Engineer
936,35,91,Architect
1851,74,67,Developer
1357,421,99,Subject Matter Expert
1358,14,58,Senior Developer
392,359,21,Architect
1116,161,23,Intern
1634,460,109,Intern
556,258,56,Subject Matter Expert
333,230,42,Scrum Master
1400,261,152,DevOps Engineer
516,38,63,Developer
77,241,125,Senior Developer
1296,212,11,Data Analyst
1429,182,68,Consultant
536,144,110,Product Owner
862,249,100,Designer
519,33,138,Tech Lead
1474,405,92,Scrum Master
1315,390,153,Architect
898,191,132,Subject Matter Expert
794,146,136,Project Manager
588,99,31,Subject Matter Expert
430,165,66,Developer
1730,20,40,Business Analyst
426,259,112,Data Analyst
1444,102,46,Project Manager
547,31,139,Business Analyst
1499,169,29,Consultant
232,158,148,Intern
1490,131,25,Business Analyst
1437,188,30,Product Owner
1253,309,107,DevOps Engineer
1150,277,90,Product Owner
1170,217,53,Project Manager
664,329,61,Project Manager
1012,31,72,Consultant
1209,69,103,Subject Matter Expert
1040,11,147,Developer
876,346,84,Project Manager
694,158,55,Consultant
1975,2,130,Business Analyst
632,356,122,Architect
715,354,12,Subject Matter Expert
944,459,152,Data Analyst
1176,405,138,Senior Developer
212,125,133,Business Analyst
1802,441,143,Developer
377,193,105,Scrum Master
323,230,54,Designer
320,307,12,Architect
1198,450,18,DevOps Engineer
846,213,7,DevOps Engineer
436,358,160,Tech Lead
1192,13,79,Data Analyst
742,429,75,Product Owner
1554,411,141,Scrum Master
520,292,126,Scrum Master
1681,20,97,Senior Developer
607,180,70,Scrum Master
1641,125,158,Project Manager
250,91,103,Subject Matter Expert
979,216,11,Senior Developer
1851,475,97,Designer
1331,282,129,Consultant
171,216,160,Intern
1175,110,71,Business Analyst
1457,41,78,Product Owner
705,167,74,Tech Lead
454,225,36,Project Manager
1301,244,153,Product Owner
428,437,71,DevOps Engineer
663,297,20,Data Analyst
475,488,28,DevOps Engineer
1823,411,11,Scrum Master
1310,499,67,Consultant
384,450,97,QA Engineer
1754,96,38,Business Analyst
499,160,62,Product Owner
823,260,33,DevOps Engineer
1715,474,147,Developer
267,314,47,Consultant
1126,187,109,DevOps Engineer
1640,376,65,Product Owner
281,478,67,Business Analyst
1054,34,109,Data Analyst
745,420,113,Product Owner
1979,94,152,Project Manager
219,430,7,Designer
625,346,123,Architect
1475,314,108,Tech Lead
1518,103,24,Data Analyst
984,410,12,Tech Lead
1195,296,84,Senior Developer
606,214,111,Product Owner
1987,186,108,Business Analyst
271,120,128,Business Analyst
21,71,13,DevOps Engineer
347,200,9,Senior Developer
975,42,5,Consultant
1423,98,19,Designer
1016,7,108,Subject Matter Expert
105,140,79,Scrum Master
691,158,152,Data Analyst
423,11,89,Designer
1253,46,132,Consultant
828,462,22,Intern
343,302,15,Scrum Master
1595,21,69,Scrum Master
350,431,6,QA Engineer
1499,32,26,Project Manager
328,107,25,Project Manager
1026,361,43,Data Analyst
180,98,29,Scrum Master
643,398,20,Business Analyst
432,392,151,Business Analyst
781,122,145,Scrum Master
1424,474,100,Scrum Master
870,103,148,Consultant
88,471,71,Developer
856,463,54,Intern
1627,351,135,Data Analyst
848,96,42,Scrum Master
957,44,160,Designer
1974,99,13,Developer
180,184,50,Intern
1612,88,158,Scrum Master
918,150,6,Designer
1787,465,87,Scrum Master
293,226,90,Data Analyst
1584,220,155,Tech Lead
1818,430,85,Consultant
442,425,22,QA Engineer
1085,442,92,Developer
1208,348,100,Project Manager
66,64,17,Intern
1100,10,27,DevOps Engineer
11,451,80,Scrum Master
1453,10,27,Data Analyst
1927,187,127,Data Analyst
1123,495,66,QA Engineer
787,498,48,Scrum Master
1907,71,149,Scrum Master
519,97,59,DevOps Engineer
144,145,21,QA Engineer
888,374,15,QA Engineer
631,158,33,Designer
1687,20,64,Developer
502,350,52,Data Analyst
1172,229,17,QA Engineer
562,241,111,Architect
1093,21,91,QA Engineer
817,150,94,Intern
1657,343,90,DevOps Engineer
1423,451,51,Project Manager
1092,341,94,Data Analyst
201,9,138,Subject Matter Expert
843,111,155,Developer
1458,461,99,Data Analyst
42,213,149,Designer
1784,437,155,Architect
1291,94,156,Tech Lead
1665,465,21,Project Manager
1455,26,21,Scrum Master
1846,385,122,Senior Developer
853,208,24,Scrum Master
1460,243,32,QA Engineer
102,492,159,Designer
1536,2,92,Senior Developer
118,199,118,Business Analyst
55,77,146,Business Analyst
177,436,7,Architect
1254,49,59,Product Owner
1781,80,128,Architect
820,428,152,QA Engineer
1285,3,147,QA Engineer
1469,363,69,DevOps Engineer
1992,19,153,Project Manager
602,83,61,Architect
1281,261,130,Scrum Master
976,206,50,Intern
925,443,21,DevOps Engineer
532,461,50,Architect
1637,57,12,Designer
151,275,141,Project Manager
881,38,156,Intern
1242,465,6,Project Manager
1384,245,99,Subject Matter Expert
1401,90,7,Data Analyst
1209,233,24,Product Owner
1681,491,127,Senior Developer
579,419,111,QA Engineer
967,73,46,Developer
1792,245,16,Scrum Master
1908,320,83,Intern
1041,461,140,Architect
1444,321,147,Developer
1577,481,125,Product Owner
513,104,20,DevOps Engineer
467,9,101,Data Analyst
1980,397,7,Developer
510,487,34,Consultant
999,25,157,Data Analyst
1552,462,78,Consultant
1891,221,12,Project Manager
36,141,25,QA Engineer
1595,337,120,Scrum Master
107,479,23,DevOps Engineer
892,166,144,DevOps Engineer
1320,488,111,Tech Lead
841,35,24,Developer
1065,374,128,DevOps Engineer
228,423,10,QA Engineer
1642,12,8,Tech Lead
311,364,129,Tech Lead
1668,144,160,Consultant
1889,300,67,Architect
91,87,68,Data Analyst
1717,328,56,Developer
202,403,102,Scrum Master
1769,177,101,Consultant
457,431,153,Designer
563,79,113,QA Engineer
1839,127,85,Scrum Master
1671,13,122,Product Owner
238,216,11,Tech Lead
78,321,108,Developer
268,329,32,Developer
76,107,98,Senior Developer
1654,466,86,Developer
699,255,152,Scrum Master
1409,442,97,Subject Matter Expert
990,53,56,Project Manager
61,351,66,Scrum Master
1468,457,126,Consultant
1947,57,124,DevOps Engineer
408,305,49,Product Owner
1835,321,101,Intern
822,364,157,Architect
118,89,40,Developer
1807,228,39,Business Analyst
1073,101,128,Scrum Master
100,478,82,Scrum Master
555,138,31,Senior Developer
3,77,32,Architect
1896,86,147,Tech Lead
1587,429,58,Designer
743,376,84,Scrum Master
1775,309,102,Data Analyst
1650,167,31,Architect
1111,222,12,Subject Matter Expert
689,218,132,Senior Developer
539,159,150,Product Owner
1858,446,127,Intern
1696,157,85,QA Engineer
1261,41,74,DevOps Engineer
507,413,132,Product Owner
1521,326,96,Subject Matter Expert
521,222,88,Intern
1765,267,149,Designer
1543,494,145,Intern
993,99,14,Data Analyst
1303,335,90,Tech Lead
1167,492,159,Tech Lead
1411,253,104,Scrum Master
1663,38,38,Project Manager
203,108,139,Tech Lead
993,372,75,DevOps Engineer
1612,173,23,Architect
1951,257,9,Consultant
63,292,89,Senior Developer
510,214,66,Business Analyst
903,385,32,QA Engineer
1971,109,67,Tech Lead
752,348,105,Business Analyst
437,318,40,Project Manager
1244,10,28,Architect
895,195,91,Tech Lead
367,60,112,Tech Lead
439,71,27,Tech Lead
726,236,133,Business Analyst
1358,431,83,Product Owner
1574,128,61,Architect
202,448,141,Architect
1886,55,39,Senior Developer
592,134,49,Scrum Master
1019,236,145,Tech Lead
334,299,24,Senior Developer
211,428,152,Product Owner
1652,232,115,Subject Matter Expert
478,70,86,Intern
1417,309,96,Consultant
877,249,10,Business Analyst
1774,6,115,QA Engineer
1534,437,159,Senior Developer
373,399,157,Intern
1742,426,119,Intern
780,396,20,Scrum Master
1434,333,85,Subject Matter Expert
677,40,28,DevOps Engineer
1763,290,126,Data Analyst
1068,77,119,Project Manager
20,382,109,Architect
1664,494,44,Product Owner
1373,181,96,Tech Lead
754,40,101,Architect
554,114,69,DevOps Engineer
455,242,75,Scrum Master
808,256,94,Subject Matter Expert
649,218,43,Developer
130,131,135,Scrum Master
1805,164,68,Business Analyst
1189,439,158,Scrum Master
335,37,126,Scrum Master
787,258,151,Consultant
1863,394,110,DevOps Engineer
266,401,36,Business Analyst
112,463,42,Project Manager
1507,367,66,Developer
1449,200,21,Senior Developer
986,152,32,Intern
1108,181,19,Business Analyst
994,386,140,Senior Developer
702,225,11,QA Engineer
225,254,94,Developer
980,18,139,Developer
139,139,39,DevOps Engineer
1713,244,93,Senior Developer
740,306,94,Subject Matter Expert
1818,349,104,Subject Matter Expert
872,356,62,QA Engineer
861,262,55,Tech Lead
1467,70,49,Subject Matter Expert
1060,249,105,Tech Lead
1213,395,93,Scrum Master
462,405,17,Designer
1113,153,49,Subject Matter Expert
1457,61,51,Product Owner
1967,278,126,Business Analyst
622,264,6,Intern
1151,133,57,Product Owner
524,117,130,Subject Matter Expert
898,108,83,Scrum Master
248,309,141,Scrum Master
1614,85,105,QA Engineer
1789,390,75,Developer
1616,385,152,Developer
280,264,99,Tech Lead
199,346,139,Project Manager
218,426,92,Project Manager
915,318,12,Consultant
1630,453,145,Designer
1579,463,108,Subject Matter Expert
1161,94,132,DevOps Engineer
1558,307,55,Subject Matter Expert
1464,331,92,Developer
182,315,56,Consultant
1725,320,110,Senior Developer
174,343,116,Consultant
889,287,129,Architect
1022,223,39,Project Manager
1589,258,128,Senior Developer
1517,61,116,Designer
459,387,43,Scrum Master
1718,421,5,Subject Matter Expert
1362,79,158,Architect
863,129,122,Project Manager
101,367,11,Developer
1351,111,93,Senior Developer
363,497,112,Architect
1969,130,74,Intern
1936,124,31,Data Analyst
951,90,60,Data Analyst
1036,8,28,QA Engineer
576,367,117,Data Analyst
1620,212,63,DevOps Engineer
685,325,17,Project Manager
1989,282,158,Scrum Master
639,235,57,DevOps Engineer
126,146,43,Subject Matter Expert
477,54,37,Intern
1598,252,101,Product Owner
1331,289,146,Architect
466,336,155,Product Owner
1971,69,24,Intern
1223,58,49,DevOps Engineer
1848,390,65,Business Analyst
1671,75,17,Project Manager
1435,447,132,Data Analyst
35,279,86,Architect
1505,485,105,Architect
1941,69,153,DevOps Engineer
982,168,149,QA Engineer
697,55,71,Project Manager
1127,346,47,Project Manager
724,137,38,DevOps Engineer
587,234,29,Data Analyst
910,403,141,Project Manager
984,401,108,DevOps Engineer
676,145,102,Business Analyst
345,36,57,Senior Developer
1592,96,52,Designer
1800,98,11,Business Analyst
79,130,97,Subject Matter Expert
1904,500,16,Architect
101,2,130,Scrum Master
1273,185,114,Consultant
1156,237,89,Developer
670,309,119,Subject Matter Expert
399,280,151,Product Owner
1609,57,8,Consultant
1692,48,29,Architect
1515,273,85,Developer
1133,292,104,QA Engineer
1845,51,159,Project Manager
1983,205,60,Designer
1182,288,116,Designer
483,103,104,Tech Lead
807,134,23,Tech Lead
477,434,133,Data Analyst
90,258,116,QA Engineer
1850,399,6,Architect
1204,72,42,QA Engineer
1699,431,22,Project Manager
155,339,111,Consultant
1647,112,155,Tech Lead
1936,489,59,Business Analyst
646,139,36,Data Analyst
485,213,22,Business Analyst
744,305,137,Consultant
1473,158,29,DevOps Engineer
1933,465,14,DevOps Engineer
1598,197,76,Project Manager
1051,440,157,Designer
1673,59,142,Senior Developer
327,85,100,Data Analyst
252,468,55,QA Engineer
1507,235,143,DevOps Engineer
685,393,110,Scrum Master
1008,218,132,Business Analyst
1423,285,105,Subject Matter Expert
825,209,56,Project Manager
1288,358,54,DevOps Engineer
852,424,27,Product Owner
1882,258,133,Data Analyst
1654,122,25,Product Owner
1938,3,82,Consultant
1496,442,35,Subject Matter Expert
1857,498,107,QA Engineer
1397,95,16,Project Manager
771,475,147,Data Analyst
1670,35,56,Data Analyst
1866,134,95,Tech Lead
13,101,40,DevOps Engineer
362,141,59,Data Analyst
494,29,76,Tech Lead
1145,360,76,Architect
1152,90,119,Subject Matter Expert
662,101,11,Architect
15,6,90,QA Engineer
1664,318,44,QA Engineer
237,82,24,Scrum Master
1110,2,80,Subject Matter Expert
1051,307,64,Consultant
919,181,99,Scrum Master
169,267,141,Business Analyst
601,403,81,Developer
1417,344,37,Subject Matter Expert
655,386,51,Project Manager
1694,196,145,Senior Developer
769,398,114,Architect
1294,498,100,DevOps Engineer
1846,280,15,DevOps Engineer
1750,373,154,DevOps Engineer
1928,167,98,Designer
1187,424,7,Developer
1373,245,5,Project Manager
1060,83,15,Product Owner
1046,315,132,Architect
1464,52,55,Subject Matter Expert
1991,116,62,Intern
1242,153,29,DevOps Engineer
1999,475,128,Data Analyst
1609,94,130,Senior Developer
887,208,69,Business Analyst
1177,156,77,Senior Developer
1203,392,51,Intern
322,384,142,Designer
550,350,83,Product Owner
193,448,120,Project Manager
207,304,63,Subject Matter Expert
691,274,40,Architect
1153,280,30,Intern
306,229,128,QA Engineer
1036,372,90,Developer
1001,291,81,Architect
1862,441,87,Intern
35,424,160,Consultant
55,376,13,Consultant
436,240,58,Product Owner
1635,496,100,Data Analyst
263,79,84,DevOps Engineer
763,299,5,Scrum Master
434,181,58,Developer
1370,437,131,Designer
1034,41,49,Project Manager
597,336,32,Tech Lead
1145,173,98,Designer
417,1,94,Data Analyst
296,63,8,Senior Developer
904,453,12,QA Engineer
1567,490,110,Scrum Master
1680,394,13,Project Manager
879,413,107,Business Analyst
113,127,64,Designer
1934,274,68,Business Analyst
1543,330,29,QA Engineer
1517,272,51,Developer
698,498,111,Product Owner
1785,352,88,Data Analyst
722,498,77,Senior Developer
282,389,19,Business Analyst
1689,247,79,Senior Developer
723,357,92,Designer
1803,158,98,Subject Matter Expert
181,253,57,Architect
1690,149,137,Business Analyst
1843,235,48,QA Engineer
1426,56,48,Project Manager
1251,154,73,QA Engineer
1745,234,135,Project Manager
360,104,104,Designer
725,424,77,Developer
36,470,130,Developer
601,381,31,Intern
185,391,16,Consultant
1175,138,43,Intern
1067,325,148,Subject Matter Expert
1800,431,71,Data Analyst
1430,389,45,QA Engineer
806,490,48,Tech Lead
891,117,58,Architect
1058,35,18,DevOps Engineer
654,191,109,QA Engineer
1628,431,7,Data Analyst
482,319,43,Developer
702,485,51,Senior Developer
441,122,20,Product Owner
1763,87,37,Senior Developer
196,258,22,DevOps Engineer
1416,483,53,Senior Developer
942,159,37,Senior Developer
961,393,104,Intern
697,474,83,Senior Developer
87,231,124,Product Owner
1340,50,56,Business Analyst
1880,232,145,Scrum Master
1910,1,61,Subject Matter Expert
425,154,61,Designer
1714,495,10,Scrum Master
1153,228,25,Data Analyst
1732,454,23,Business Analyst
1340,21,120,Developer
338,105,59,Tech Lead
1133,80,14,QA Engineer
783,263,48,Scrum Master
43,208,65,Data Analyst
1802,445,56,Senior Developer
1908,269,13,Developer
1039,198,63,DevOps Engineer
1393,241,7,Product Owner
1300,6,74,Consultant
195,426,27,Developer
1190,216,95,Project Manager
1857,452,35,Developer
1875,125,124,Project Manager
1890,210,44,Product Owner
1628,203,114,Developer
988,496,57,Consultant
1786,286,59,Designer
1615,376,115,Developer
175,118,73,Data Analyst
333,285,73,Scrum Master
974,171,95,Developer
1691,335,46,Consultant
1127,359,89,Project Manager
1429,130,75,Data Analyst
1918,179,66,Architect
1640,382,78,Senior Developer
1805,489,27,Product Owner
81,320,109,Intern
818,56,126,Consultant
587,274,154,Intern
575,238,160,Subject Matter Expert
1256,369,45,Tech Lead
156,341,159,Designer
1967,170,113,Business Analyst
100,450,96,Intern
1737,296,6,Senior Developer
797,339,87,Consultant
1609,362,113,Designer
1078,464,90,Scrum Master
604,121,153,Designer
793,286,70,Consultant
1737,91,128,Architect
1137,367,110,Designer
325,423,141,Scrum Master
1937,355,19,Architect
314,221,37,DevOps Engineer
673,457,83,DevOps Engineer
634,321,41,Designer
532,215,17,Product Owner
141,403,5,Senior Developer
385,171,147,Senior Developer
74,216,26,Product Owner
1205,462,143,Senior Developer
1557,23,84,DevOps Engineer
450,383,143,Scrum Master
180,395,87,Product Owner
1987,427,136,DevOps Engineer
922,360,122,Scrum Master
694,422,8,QA Engineer
518,263,123,Senior Developer
705,221,64,Data Analyst
652,487,141,Project Manager
977,286,155,Project Manager
1301,275,132,Scrum Master
478,294,134,Architect
911,5,113,Designer
1938,70,33,Developer
332,112,152,Designer
985,55,90,DevOps Engineer
521,444,70,QA Engineer
594,450,107,Project Manager
1750,349,18,Scrum Master
59,176,16,Subject Matter Expert
1057,15,41,Tech Lead
1334,480,7,Designer
1266,134,147,Consultant
524,217,149,Project Manager
246,360,68,Tech Lead
240,412,135,DevOps Engineer
806,496,146,Business Analyst
385,467,27,Intern
1221,351,109,QA Engineer
1794,93,134,DevOps Engineer
1139,27,9,Architect
7,221,31,Tech Lead
877,401,128,Consultant
386,472,95,Consultant
382,276,26,Tech Lead
751,455,120,Scrum Master
1484,213,151,Subject Matter Expert
642,99,89,Intern
1591,456,44,Designer
1047,321,27,Architect
1974,113,145,Project Manager
151,365,29,Business Analyst
1735,207,157,Consultant
1365,203,147,Scrum Master
1772,437,78,Scrum Master
1665,9,104,Tech Lead
1569,342,53,Subject Matter Expert
643,238,119,Developer
1199,27,13,QA Engineer
710,358,114,Designer
461,45,65,Consultant
1214,58,148,Consultant
834,421,19,Developer
1662,375,85,QA Engineer
194,86,49,DevOps Engineer
362,65,14,DevOps Engineer
2,314,28,Project Manager
814,27,94,Tech Lead
56,341,26,Data Analyst
62,283,74,Scrum Master
140,278,38,Designer
1124,465,25,Data Analyst
424,70,80,Senior Developer
659,55,16,Scrum Master
658,242,68,Tech Lead
1856,8,86,Scrum Master
1890,4,149,DevOps Engineer
189,308,103,Subject Matter Expert
1697,396,56,Senior Developer
1860,236,130,Designer
212,302,73,Scrum Master
1692,261,22,Data Analyst
1125,154,146,Data Analyst
495,407,105,Project Manager
287,162,10,QA Engineer
167,496,28,Data Analyst
1780,313,38,Developer
1754,141,58,QA Engineer
803,115,37,Project Manager
262,495,159,Business Analyst
688,448,108,Business Analyst
1656,14,10,Consultant
1460,70,22,Business Analyst
1704,50,40,Architect
1580,198,78,Scrum Master
391,457,123,Consultant
28,386,134,Intern
1869,260,16,Architect
835,407,155,QA Engineer
17,334,5,Data Analyst
453,398,107,Data Analyst
1467,240,160,Data Analyst
1725,445,121,Intern
341,254,144,Tech Lead
1480,369,18,Senior Developer
1847,233,71,Senior Developer
783,444,151,Senior Developer
652,156,72,Data Analyst
1563,11,85,Architect
1484,105,86,Designer
1333,36,22,Consultant
1403,255,39,Project Manager
1352,361,98,Scrum Master
1662,131,155,Tech Lead
1464,77,27,Architect
500,225,73,Project Manager
300,12,66,Intern
1065,387,140,Project Manager
1233,50,86,QA Engineer
1665,126,42,DevOps Engineer
1118,310,67,Intern
555,372,32,Scrum Master
1647,236,7,Consultant
1765,364,23,QA Engineer
1942,395,58,Scrum Master
1870,81,72,Business Analyst
348,274,129,QA Engineer
1633,163,61,Business Analyst
898,330,102,Architect
979,234,131,Product Owner
1776,177,152,QA Engineer
1984,175,115,Architect
356,114,106,Developer
608,388,149,Designer
351,116,110,Intern
1046,370,139,Data Analyst
1098,5,42,Designer
1963,126,83,Project Manager
193,286,97,DevOps Engineer
1252,8,101,DevOps Engineer
1722,368,111,DevOps Engineer
1679,446,138,Data Analyst
1578,413,87,QA Engineer
165,137,90,Architect
1620,88,12,DevOps Engineer
1979,386,136,Intern
1017,386,104,QA Engineer
1812,179,35,Senior Developer
233,179,12,Architect
1174,305,72,Consultant
1460,331,36,Tech Lead
1942,109,28,Architect
1470,31,46,Intern
306,463,71,Developer
1874,339,13,Project Manager
744,47,113,Data Analyst
1728,302,24,Product Owner
1587,221,107,Developer
803,77,83,Consultant
917,298,81,Data Analyst
1198,447,90,Consultant
1906,103,86,Product Owner
1027,18,154,Subject Matter Expert
762,289,66,Consultant
583,288,60,Product Owner
655,30,115,Subject Matter Expert
579,399,31,Subject Matter Expert
1203,339,47,Data Analyst
1225,107,7,Scrum Master
5,174,115,Consultant
98,404,147,Project Manager
1488,10,124,Data Analyst
1068,354,51,Intern
1542,257,122,Tech Lead
1155,131,66,Business Analyst
1234,39,107,Consultant
1126,219,159,Developer
981,266,118,Developer
781,175,11,Designer
56,421,150,Data Analyst
178,246,129,Architect
1702,497,151,Product Owner
1949,264,31,Project Manager
1358,500,115,Senior Developer
1427,251,125,Project Manager
122,260,8,Senior Developer
954,189,107,Data Analyst
190,163,122,Consultant
433,214,41,Developer
1315,385,151,DevOps Engineer
909,167,99,Data Analyst
1208,195,82,QA Engineer
1323,52,152,Project Manager
1762,189,67,Intern
1717,389,34,Data Analyst
374,144,70,Developer
214,38,138,Architect
675,285,65,Tech Lead
1020,420,88,Product Owner
215,363,103,Project Manager
1973,282,82,Business Analyst
1383,426,147,Project Manager
908,77,136,Designer
1644,75,67,DevOps Engineer
1025,75,79,Product Owner
773,121,95,Architect
978,296,18,Subject Matter Expert
376,208,107,Senior Developer
1419,105,75,Product Owner
1794,208,72,Consultant
1289,224,23,Subject Matter Expert
1545,186,61,Product Owner
1212,250,114,Project Manager
1654,270,65,Scrum Master
1531,251,120,Scrum Master
64,478,96,Product Owner
336,144,115,Product Owner
1306,453,85,Designer
1996,260,60,Designer
1093,197,45,QA Engineer
915,4,95,Intern
1272,24,32,Intern
323,367,87,DevOps Engineer
1590,205,85,Scrum Master
671,257,115,Tech Lead
77,332,108,Subject Matter Expert
1870,439,74,Subject Matter Expert
69,139,14,Consultant
1735,256,107,Designer
1751,237,73,QA Engineer
1701,236,7,Developer
864,415,87,Developer
1900,99,10,Senior Developer
1879,389,135,Consultant
1345,359,14,Project Manager
941,353,86,Developer
671,402,140,QA Engineer
1191,282,121,QA Engineer
1215,250,42,Product Owner
1149,28,75,Tech Lead
7,185,143,Product Owner
727,366,113,Designer
7,80,37,Business Analyst
1667,273,69,Subject Matter Expert
1424,479,96,Product Owner
713,189,26,Senior Developer
1764,356,55,Scrum Master
1654,494,58,Senior Developer
586,466,135,Architect
1966,340,27,Data Analyst
1462,432,84,Tech Lead
1455,124,28,Subject Matter Expert
123,308,6,Architect
1807,137,43,Developer
888,226,116,Data Analyst
159,85,69,Subject Matter Expert
323,12,49,Consultant
231,189,53,DevOps Engineer
962,45,159,Intern
654,248,66,Scrum Master
1157,27,39,Architect
221,400,106,Designer
1258,333,60,Tech Lead
1681,441,86,Intern
1829,385,130,Project Manager
1790,41,10,Product Owner
1980,362,43,Senior Developer
204,7,103,Data Analyst
191,426,91,Scrum Master
1860,1,5,Consultant
1423,281,47,Senior Developer
1804,233,30,Business Analyst
287,94,111,Architect
908,256,126,Scrum Master
1306,101,7,Business Analyst
1778,272,29,Developer
1388,335,77,Designer
1549,260,109,Consultant
476,473,79,Tech Lead
503,454,80,Subject Matter Expert
699,61,72,Subject Matter Expert
403,299,68,Consultant
1481,263,153,Subject Matter Expert
62,124,105,Business Analyst
970,482,131,Architect
260,406,44,Developer
255,250,100,QA Engineer
1691,101,107,DevOps Engineer
727,23,111,Tech Lead
717,416,105,Scrum Master
1244,103,20,Consultant
1450,166,8,Business Analyst
33,278,32,Architect
1273,265,81,Business Analyst
693,301,137,Product Owner
837,476,154,QA Engineer
813,140,143,Product Owner
1259,455,49,Product Owner
1947,457,36,Product Owner
916,113,36,Architect
89,292,37,QA Engineer
1617,8,35,Tech Lead
1679,105,148,QA Engineer
222,384,68,Tech Lead
1319,471,88,Senior Developer
795,316,138,Consultant
505,325,25,Product Owner
247,215,9,Consultant
916,81,133,Subject Matter Expert
173,299,132,QA Engineer
1342,363,47,QA Engineer
167,337,57,Project Manager
922,5,81,Data Analyst
513,71,144,Consultant
179,402,80,QA Engineer
1057,336,63,Subject Matter Expert
914,12,78,Tech Lead
1741,274,94,Architect
937,145,104,Consultant
1704,108,60,Scrum Master
976,348,130,Tech Lead
973,206,100,Tech Lead
762,413,139,Product Owner
655,65,115,QA Engineer
1679,304,57,Architect
553,24,79,Designer
538,70,134,Architect
1314,425,80,Consultant
1027,19,102,QA Engineer
1995,221,158,Developer
240,285,55,Data Analyst
829,394,37,Architect
1808,361,126,DevOps Engineer
599,468,73,QA Engineer
435,478,76,DevOps Engineer
1480,53,86,Consultant
1971,245,30,Data Analyst
1471,3,148,Designer
275,23,129,Business Analyst
389,294,49,Tech Lead
86,499,63,QA Engineer
285,453,152,Data Analyst
246,166,135,Subject Matter Expert
1716,43,108,Intern
37,27,56,QA Engineer
1890,114,59,Product Owner
1747,382,124,Architect
283,34,49,Project Manager
52,253,31,Product Owner
1292,382,150,Architect
1509,240,96,Subject Matter Expert
1930,78,82,Project Manager
604,305,157,Intern
1228,77,79,Consultant
1758,496,91,Tech Lead
528,483,78,Tech Lead
1745,323,91,DevOps Engineer
1280,314,130,Data Analyst
1354,396,22,Project Manager
1807,134,145,Business Analyst
1436,324,150,Product Owner
807,262,33,Developer
664,289,34,Consultant
1595,438,53,DevOps Engineer
1287,421,41,Designer
1834,233,127,Product Owner
1140,302,135,Scrum Master
218,471,44,Consultant
505,240,18,Tech Lead
1925,82,40,Senior Developer
4,199,29,Consultant
851,314,25,DevOps Engineer
897,440,67,QA Engineer
1670,338,7,QA Engineer
1810,249,21,Senior Developer
1878,414,95,Subject Matter Expert
1050,242,141,Developer
1391,242,69,Designer
872,492,52,Senior Developer
1089,350,102,Business Analyst
405,255,119,Architect
199,427,154,Scrum Master
91,348,160,Project Manager
1907,175,151,Tech Lead
1113,172,7,Senior Developer
1469,249,136,Tech Lead
40,231,34,Project Manager
920,463,35,Tech Lead
87,470,61,Developer
1457,213,66,Architect
1717,263,92,Project Manager
1467,493,22,Data Analyst
1310,269,104,DevOps Engineer
624,246,138,Intern
1453,400,70,Business Analyst
1756,407,117,Subject Matter Expert
1681,97,33,Product Owner
454,95,102,Senior Developer
1832,231,6,Product Owner
1125,62,51,Project Manager
1030,420,14,Scrum Master
1422,394,152,Product Owner
1989,102,73,Architect
88,272,159,Consultant
35,193,101,Subject Matter Expert
1694,203,142,Subject Matter Expert
787,102,93,Intern
1430,299,113,Consultant
210,279,79,Senior Developer
1181,390,104,Data Analyst
271,466,81,DevOps Engineer
995,436,121,Project Manager
1974,434,87,DevOps Engineer
147,321,15,Subject Matter Expert
1221,2,62,Scrum Master
1374,487,89,Designer
258,210,99,Designer
916,341,140,Data Analyst
1090,308,60,Developer
455,137,75,DevOps Engineer
1341,373,68,Senior Developer
659,321,38,Business Analyst
301,352,123,Project Manager
684,477,51,Designer
1192,370,94,DevOps Engineer
1770,433,132,DevOps Engineer
884,203,144,Senior Developer
924,169,111,QA Engineer
1423,119,104,QA Engineer
1535,199,22,Developer
1469,321,158,Subject Matter Expert
540,72,128,Tech Lead
1462,309,110,QA Engineer
1166,247,50,Product Owner
1865,348,17,Scrum Master
676,100,53,Business Analyst
1319,52,46,Project Manager
1965,21,29,Project Manager
827,40,133,Intern
903,349,147,Business Analyst
1500,261,19,Consultant
977,393,63,Designer
1115,432,76,Project Manager
1473,368,115,Senior Developer
432,469,6,Intern
1184,218,137,Project Manager
1282,84,145,Architect
1319,145,126,Designer
127,345,57,Developer
696,72,6,Designer
1355,325,160,Intern
1761,425,76,Intern
1666,205,149,Consultant
1257,256,98,Intern
719,328,7,Designer
1049,415,152,Architect
999,192,138,QA Engineer
1799,354,24,Project Manager
1090,475,35,Scrum Master
1665,216,71,Designer
1006,415,64,Tech Lead
663,461,132,DevOps Engineer
1230,374,50,Consultant
96,346,82,QA Engineer
937,220,59,Project Manager
1871,76,143,Business Analyst
1828,195,37,Product Owner
505,469,27,Intern
1189,330,31,QA Engineer
1677,75,10,Business Analyst
341,328,71,Subject Matter Expert
913,134,15,Data Analyst
135,438,46,Data Analyst
1380,45,97,QA Engineer
313,395,118,Business Analyst
1458,333,103,Architect
1023,365,77,Designer
1231,232,40,Scrum Master
1260,332,31,Tech Lead
745,447,103,Designer
1749,470,52,Scrum Master
1697,228,152,Product Owner
644,179,85,QA Engineer
192,226,109,Product Owner
618,175,24,Developer
759,312,63,Senior Developer
49,466,69,Subject Matter Expert
1408,109,66,Intern
944,495,93,Intern
1247,66,117,Tech Lead
631,149,122,DevOps Engineer
1863,30,121,Tech Lead
1586,255,143,Subject Matter Expert
811,50,24,Scrum Master
1676,362,12,Intern
56,275,101,Subject Matter Expert
163,397,6,Data Analyst
183,71,116,Architect
1390,272,53,Business Analyst
989,348,150,Product Owner
1401,475,30,Product Owner
1180,71,153,Subject Matter Expert
1216,197,66,Scrum Master
583,411,10,Business Analyst
1060,371,18,Developer
310,380,40,Business Analyst
1531,75,11,Scrum Master
1031,450,11,DevOps Engineer
818,414,13,Product Owner
611,334,99,Tech Lead
1830,467,80,Tech Lead
1394,182,83,QA Engineer
1947,264,157,Designer
645,313,64,Designer
151,226,141,Consultant
1398,216,49,Architect
1529,483,141,Architect
1716,215,104,Architect
961,434,101,Intern
456,306,101,Project Manager
1946,273,154,Designer
542,267,50,Scrum Master
1771,312,96,Architect
240,185,114,Project Manager
650,420,101,Product Owner
1822,392,140,Data Analyst
7,87,146,Scrum Master
1501,373,124,Consultant
156,29,113,Designer
519,453,115,Subject Matter Expert
511,196,51,Developer
1387,458,122,Scrum Master
33,33,41,QA Engineer
1203,277,24,Business Analyst
1602,246,87,Developer
1604,142,147,Tech Lead
524,328,63,QA Engineer
195,174,159,Consultant
67,224,144,Intern
890,478,63,Scrum Master
794,446,151,Intern
1989,468,148,Subject Matter Expert
8,153,84,Product Owner
1019,251,35,Project Manager
523,250,38,Tech Lead
769,364,43,Intern
1756,376,28,Designer
467,58,33,Subject Matter Expert
334,127,97,Project Manager
1747,270,56,DevOps Engineer
172,89,157,Business Analyst
720,310,23,Designer
1015,229,7,Subject Matter Expert
1831,287,38,Developer
90,410,53,Consultant
1311,349,139,Consultant
1896,278,92,Product Owner
1039,457,15,Data Analyst
194,284,76,Consultant
307,116,89,Product Owner
68,476,36,Data Analyst
1407,90,129,Developer
1010,384,147,Developer
1917,451,29,Subject Matter Expert
1903,304,160,Architect
1728,188,15,Tech Lead
1664,454,129,Senior Developer
520,93,44,Developer
1738,63,120,DevOps Engineer
557,292,140,Architect
1443,311,63,Architect
967,43,79,Developer
184,270,31,QA Engineer
334,252,10,Consultant
695,62,58,Project Manager
1565,240,134,Intern
1193,264,55,Subject Matter Expert
1955,59,91,Subject Matter Expert
1556,392,99,Architect
1786,459,141,Subject Matter Expert
1211,476,78,Scrum Master
512,342,21,Data Analyst
1809,136,141,Developer
357,318,93,DevOps Engineer
541,494,84,QA Engineer
789,44,63,Developer
1362,428,160,DevOps Engineer
1385,374,148,Senior Developer
1627,387,156,Data Analyst
1093,84,156,Developer
724,406,9,Senior Developer
1974,445,122,Project Manager
1147,39,143,Tech Lead
491,439,72,Data Analyst
1329,231,12,Product Owner
633,391,28,DevOps Engineer
1268,302,60,Senior Developer
323,398,139,Architect
1288,238,70,Designer
1266,490,59,Product Owner
1173,185,53,QA Engineer
168,419,101,Data Analyst
454,31,150,Product Owner
966,325,84,Architect
777,453,122,Data Analyst
1878,379,56,Architect
973,274,12,Data Analyst
1860,276,147,DevOps Engineer
1403,482,58,Tech Lead
345,66,16,DevOps Engineer
992,284,81,Senior Developer
310,162,81,Consultant
1454,239,59,Developer
712,170,96,Senior Developer
183,45,52,Tech Lead
1277,158,106,Designer
211,257,46,Architect
1094,71,123,Architect
925,75,65,Tech Lead
855,495,160,Business Analyst
1969,263,39,Intern
583,262,117,Business Analyst
99,127,90,Business Analyst
1417,232,116,Tech Lead
140,287,128,Project Manager
1551,463,15,Developer
1393,312,142,Consultant
91,166,5,Architect
447,177,9,DevOps Engineer
1990,5,74,Scrum Master
916,218,52,Developer
1843,311,106,Business Analyst
763,439,151,DevOps Engineer
955,325,142,Architect
1935,499,127,Developer
1784,239,61,Architect
932,125,101,Intern
1552,208,155,Scrum Master
1938,224,111,Architect
611,273,89,Project Manager
563,91,44,Product Owner
872,489,92,Scrum Master
34,121,75,Business Analyst
1148,173,27,Developer
1107,116,156,Developer
1011,50,14,Scrum Master
1140,156,61,Consultant
883,134,96,Intern
545,147,22,Consultant
1496,188,23,QA Engineer
1152,271,80,Senior Developer
919,479,115,Subject Matter Expert
977,310,110,Subject Matter Expert
576,338,26,Subject Matter Expert
677,248,93,Data Analyst
1600,421,44,Scrum Master
659,141,39,Consultant
1831,35,121,Developer
1133,401,140,Project Manager
1484,356,36,Tech Lead
1876,389,74,Intern
1641,482,117,Developer
479,227,86,Project Manager
1556,10,155,Designer
643,97,140,Subject Matter Expert
1891,107,26,Architect
1392,382,32,Developer
324,56,146,Senior Developer
1647,357,129,QA Engineer
359,466,29,Subject Matter Expert
1044,285,90,Intern
1401,171,65,Designer
499,4,43,Subject Matter Expert
192,391,142,Business Analyst
331,202,114,Architect
1091,11,35,DevOps Engineer
1466,218,77,Consultant
1046,55,130,QA Engineer
422,294,117,Tech Lead
1580,128,11,Subject Matter Expert
276,92,122,Subject Matter Expert
1204,9,146,Subject Matter Expert
740,91,20,Developer
1364,238,43,Business Analyst
481,376,42,Designer
1462,198,100,Architect
1446,208,102,Product Owner
1084,245,49,Project Manager
729,123,109,DevOps Engineer
1915,215,150,Project Manager
641,395,124,Subject Matter Expert
411,215,17,Project Manager
1144,334,20,Scrum Master
1637,307,96,Business Analyst
800,239,41,Intern
1698,496,104,Intern
748,435,64,Developer
1061,169,68,Product Owner
1485,99,97,Scrum Master
9,463,95,Designer
879,169,82,Business Analyst
1620,251,70,Business Analyst
662,462,103,Designer
910,447,150,Designer
453,299,126,Business Analyst
1969,130,111,Tech Lead
1685,256,51,Architect
1253,300,153,Developer
1318,266,113,Product Owner
1507,427,129,Scrum Master
743,218,103,Intern
1296,71,80,Architect
790,494,131,Subject Matter Expert
1650,345,134,Consultant
331,420,30,Consultant
1100,351,109,Consultant
1243,331,135,DevOps Engineer
1945,452,23,Designer
623,171,141,Subject Matter Expert
1167,450,155,QA Engineer
1398,352,89,Senior Developer
386,192,18,Architect
185,189,120,Subject Matter Expert
336,480,52,DevOps Engineer
593,295,145,Data Analyst
34,23,101,Subject Matter Expert
968,149,56,Consultant
795,140,140,Developer
1909,319,115,Business Analyst
585,473,43,Intern
503,387,52,Scrum Master
1496,105,144,Architect
280,269,61,Product Owner
32,276,80,Designer
1849,497,155,Product Owner
504,13,76,Data Analyst
1958,7,115,Scrum Master
1723,160,121,Senior Developer
814,155,144,Intern
1311,428,42,Business Analyst
1725,213,50,Data Analyst
128,430,51,Tech Lead
919,120,118,Intern
1459,153,78,Scrum Master
281,212,20,Scrum Master
132,32,155,Tech Lead
101,270,41,Data Analyst
857,302,150,Developer
1429,441,154,Designer
185,68,35,Data Analyst
1196,304,138,Subject Matter Expert
1204,236,56,Senior Developer
1459,257,111,Developer
328,366,73,Senior Developer
1839,90,160,Consultant
152,435,18,QA Engineer
1304,138,70,Data Analyst
1232,380,75,QA Engineer
1329,331,154,Consultant
10,146,38,Architect
272,498,136,Tech Lead
778,203,138,Designer
268,446,144,Project Manager
218,350,71,QA Engineer
166,144,51,Project Manager
738,337,31,Product Owner
623,41,42,Architect
1623,275,69,Senior Developer
1172,261,136,Tech Lead
794,97,16,Intern
1206,206,10,Business Analyst
53,62,80,Scrum Master
1091,331,46,Intern
1289,346,54,Developer
1075,50,86,Project Manager
1878,464,45,QA Engineer
465,425,16,Designer
1654,361,153,Business Analyst
1836,75,74,Scrum Master
121,9,74,Business Analyst
1276,71,28,Tech Lead
791,442,126,Senior Developer
1125,184,24,Developer
166,421,66,Senior Developer
116,15,157,Developer
340,487,138,Subject Matter Expert
1061,50,151,Intern
1229,72,57,Scrum Master
1636,69,36,Subject Matter Expert
90,470,108,Developer
1914,108,67,DevOps Engineer
1784,127,96,Developer
1451,393,51,Project Manager
1184,158,114,Consultant
1256,136,124,Project Manager
1887,4,83,Architect
1933,231,91,Business Analyst
53,324,126,Tech Lead
1489,307,15,Subject Matter Expert
197,369,148,Scrum Master
184,56,36,Project Manager
1187,386,130,DevOps Engineer
1537,233,5,Data Analyst
756,293,127,Senior Developer
554,202,35,Consultant
1315,121,130,Scrum Master
1131,38,39,Project Manager
1297,12,139,Architect
683,486,40,Business Analyst
1959,81,80,Product Owner
1911,182,77,Developer
1137,450,94,Developer
92,100,116,Data Analyst
1414,392,85,Business Analyst
1266,237,127,Project Manager
1357,1,42,Consultant
130,433,74,Designer
372,326,107,Data Analyst
1427,387,83,Designer
1846,483,28,Senior Developer
1268,143,109,Architect
736,226,9,Developer
150,238,21,Consultant
1284,419,123,Designer
1197,467,14,Project Manager
1782,309,89,Product Owner
565,293,154,Intern
1795,41,16,Tech Lead
1685,17,57,DevOps Engineer
488,465,68,Intern
1789,338,130,Developer
981,364,157,Consultant
15,211,73,Tech Lead
1719,400,146,Product Owner
1968,269,28,Intern
321,202,43,Business Analyst
1833,105,91,Senior Developer
1258,395,110,Product Owner
1737,437,69,Architect
406,12,126,QA Engineer
1128,396,67,Architect
913,10,39,Designer
1680,134,69,Senior Developer
1263,220,146,Developer
1540,407,82,Architect
1978,311,40,Product Owner
746,307,137,Designer
533,13,72,Designer
844,294,153,Tech Lead
1337,443,128,Architect
462,34,138,Architect
1153,337,129,DevOps Engineer
164,479,27,Designer
165,116,95,Business Analyst
403,402,150,Intern
1429,62,131,Data Analyst
1587,219,46,Product Owner
1481,73,48,Subject Matter Expert
881,46,83,QA Engineer
1726,391,160,Data Analyst
1274,416,86,DevOps Engineer
1908,44,85,DevOps Engineer
75,52,139,Designer
1043,193,54,Data Analyst
996,308,76,Architect
1992,480,93,Intern
364,403,130,Intern
933,116,33,Subject Matter Expert
1635,105,12,Developer
1987,104,127,Tech Lead
270,126,85,Tech Lead
1989,95,68,DevOps Engineer
118,25,155,Designer
1933,115,135,Project Manager
490,469,107,Product Owner
1401,455,6,Subject Matter Expert
845,84,36,Product Owner
1198,140,131,Consultant
816,52,152,Developer
423,448,94,Scrum Master
1230,233,57,Tech Lead
1204,234,147,QA Engineer
1200,457,39,Intern
450,136,28,Data Analyst
179,10,29,Architect
133,241,64,Intern
101,121,148,Senior Developer
1150,409,74,Subject Matter Expert
1369,187,99,Subject Matter Expert
1587,64,65,Intern
425,440,18,Data Analyst
325,164,150,Scrum Master
1449,374,66,Product Owner
1890,66,80,Intern
513,263,22,Project Manager
1238,157,101,DevOps Engineer
795,393,20,DevOps Engineer
1764,400,119,Data Analyst
614,330,99,Scrum Master
837,262,117,Scrum Master
923,86,65,Business Analyst
207,178,115,Project Manager
1920,460,91,Designer
430,356,5,Business Analyst
80,236,10,Senior Developer
173,22,9,Project Manager
1536,210,54,Product Owner
1840,400,148,Tech Lead
1262,67,119,Senior Developer
894,425,84,Scrum Master
575,225,131,Project Manager
1279,86,160,Consultant
360,432,135,Product Owner
1469,363,20,Project Manager
535,219,61,Subject Matter Expert
1320,369,49,Consultant
747,61,100,Business Analyst
1128,115,25,Subject Matter Expert
1217,170,160,QA Engineer
67,86,99,DevOps Engineer
804,452,45,Tech Lead
855,32,8,DevOps Engineer
942,408,129,DevOps Engineer
251,161,18,Data Analyst
1542,457,141,Consultant
1995,172,22,Architect
1423,385,23,Senior Developer
1818,305,38,Subject Matter Expert
1812,14,11,Scrum Master
1751,455,61,Business Analyst
1517,246,6,Product Owner
1890,472,156,Subject Matter Expert
441,499,111,Designer
137,159,101,Intern
311,195,112,Architect
309,343,100,Product Owner
1489,68,21,Designer
475,116,90,QA Engineer
1800,131,84,QA Engineer
781,133,81,Product Owner
1789,173,60,Architect
1694,324,101,Product Owner
136,367,126,Intern
1872,73,21,Project Manager
1969,196,45,QA Engineer
491,358,36,DevOps Engineer
1014,81,92,Subject Matter Expert
260,461,117,Designer
1070,267,81,Architect
1141,31,16,Senior Developer
953,339,29,DevOps Engineer
1348,468,45,Project Manager
923,290,116,Senior Developer
1542,127,67,Data Analyst
1003,145,62,Tech Lead
665,320,92,Architect
1742,319,133,Scrum Master
1888,165,136,QA Engineer
568,228,9,Developer
185,283,54,Senior Developer
38,337,51,Consultant
935,116,24,Project Manager
875,53,6,Consultant
1649,107,143,Project Manager
65,480,159,Senior Developer
933,471,137,Consultant
1565,150,72,Project Manager
1317,249,99,Data Analyst
30,259,138,Scrum Master
999,396,9,Intern
1761,242,72,Developer
27,9,50,Consultant
1627,478,132,Designer
1915,424,36,Intern
1965,328,12,QA Engineer
1316,235,158,Consultant
1569,412,59,Data Analyst
236,258,12,QA Engineer
1138,47,43,DevOps Engineer
507,255,49,Scrum Master
411,198,20,Consultant
1441,496,104,Scrum Master
640,395,6,Product Owner
1194,334,46,Data Analyst
1815,287,141,Product Owner
1724,75,100,Intern
364,216,81,Consultant
656,376,107,Scrum Master
143,73,59,DevOps Engineer
290,391,69,Developer
630,199,157,Scrum Master
1906,189,69,DevOps Engineer
1841,491,44,Business Analyst
275,119,30,Developer
271,169,90,Scrum Master
983,153,24,DevOps Engineer
1365,65,28,Subject Matter Expert
617,305,95,Product Owner
1220,279,92,Architect
1518,477,104,DevOps Engineer
1015,483,151,Scrum Master
802,192,134,Product Owner
979,92,30,Senior Developer
875,204,136,Data Analyst
1254,267,129,Scrum Master
992,158,7,Subject Matter Expert
1065,136,43,Intern
531,80,32,Data Analyst
675,10,54,Tech Lead
563,181,50,Consultant
1520,434,141,Product Owner
1005,451,104,DevOps Engineer
913,363,30,Consultant
1349,453,149,Architect
709,424,147,Tech Lead
1618,49,124,Architect
781,422,141,Senior Developer
1823,125,64,Developer
156,132,82,QA Engineer
1589,197,80,Business Analyst
766,98,153,Project Manager
256,124,77,DevOps Engineer
1959,238,75,Intern
1711,352,151,Architect
1495,381,130,DevOps Engineer
579,447,39,Designer
1929,237,38,Architect
560,243,42,Tech Lead
1243,444,158,Intern
796,233,147,Tech Lead
1884,366,97,Tech Lead
486,90,89,Product Owner
1497,383,109,QA Engineer
1652,165,107,Developer
19,454,151,Product Owner
96,304,123,Product Owner
1535,264,12,Developer
1994,49,140,Product Owner
584,421,15,Intern
1288,62,74,Project Manager
931,133,141,DevOps Engineer
847,279,40,Scrum Master
583,402,148,Tech Lead
887,179,109,Architect
470,117,34,Data Analyst
1275,327,122,Product Owner
1689,404,112,Intern
1775,472,65,Business Analyst
6,274,150,Business Analyst
562,428,141,Product Owner
87,106,14,Business Analyst
164,13,138,Developer
321,151,116,Subject Matter Expert
68,193,12,Project Manager
1802,96,50,Scrum Master
826,396,115,Subject Matter Expert
977,266,78,QA Engineer
352,119,25,QA Engineer
655,493,75,Product Owner
404,416,27,Project Manager
1125,68,122,Developer
20,121,82,QA Engineer
1991,379,114,Project Manager
1310,462,160,Scrum Master
1409,168,146,Consultant
1208,84,78,Architect
79,84,38,Developer
997,152,104,DevOps Engineer
464,163,13,Developer
966,297,134,Tech Lead
811,260,151,DevOps Engineer
356,180,122,Developer
464,200,137,Tech Lead
223,265,87,Tech Lead
1211,413,26,Product Owner
418,202,150,Designer
151,228,56,Product Owner
83,491,10,Project Manager
1430,296,17,Product Owner
182,137,49,Subject Matter Expert
1562,370,68,QA Engineer
1870,436,73,Architect
261,208,37,Product Owner
342,159,133,Consultant
1079,187,40,Project Manager
106,258,119,Developer
1996,313,57,Data Analyst
1362,390,134,Business Analyst
1655,33,24,Business Analyst
1958,117,152,Product Owner
291,386,128,Tech Lead
761,46,103,Intern
27,117,94,Senior Developer
553,88,139,Tech Lead
1233,247,77,Senior Developer
569,415,134,Business Analyst
889,286,11,Intern
998,203,88,Project Manager
1066,192,117,Product Owner
689,193,106,Business Analyst
1148,465,56,Senior Developer
1159,364,9,Senior Developer
1187,240,15,Intern
628,476,25,Tech Lead
1413,401,153,Product Owner
876,12,136,Architect
1887,94,85,Tech Lead
1163,25,134,Scrum Master
100,74,128,Tech Lead
962,158,56,Product Owner
1565,225,90,Intern
12,30,131,Tech Lead
1730,432,137,Tech Lead
274,318,108,Project Manager
1867,66,6,Intern
965,208,63,Product Owner
857,331,95,Senior Developer
1901,108,62,Developer
1794,206,23,Project Manager
1749,50,120,Tech Lead
1894,346,114,Senior Developer
1340,165,148,DevOps Engineer
1194,399,135,Subject Matter Expert
109,409,137,Subject Matter Expert
1243,105,12,Scrum Master
910,341,53,Designer
11,318,25,Developer
1240,427,85,Data Analyst
872,241,37,Senior Developer
558,424,121,Project Manager
148,465,75,Product Owner
280,407,54,DevOps Engineer
1487,215,80,Scrum Master
1555,359,69,Business Analyst
629,477,67,Architect
1341,430,31,Developer
1384,242,28,Product Owner
736,19,112,Architect
1512,289,92,Scrum Master
1937,309,140,QA Engineer
1194,227,118,Intern
223,57,64,Architect
812,61,77,Business Analyst
1851,315,6,Developer
1579,444,16,Subject Matter Expert
1418,207,18,Business Analyst
1185,219,129,Developer
754,461,68,Consultant
520,312,130,Project Manager
873,85,13,Architect
1962,495,137,Designer
1156,150,33,Tech Lead
144,335,99,Developer
1832,215,16,Intern
991,191,75,DevOps Engineer
35,91,44,Developer
429,238,106,Subject Matter Expert
1225,277,49,Architect
1796,365,83,Subject Matter Expert
1096,395,56,Consultant
1372,115,27,Tech Lead
1449,34,51,Project Manager
996,467,47,Project Manager
266,386,102,Consultant
1416,179,95,Consultant
1978,60,83,Data Analyst
639,393,124,Designer
1382,282,157,Data Analyst
839,123,83,Designer
702,481,42,Developer
114,148,90,Consultant
626,293,99,Developer
428,306,11,Product Owner
181,67,148,Business Analyst
321,79,90,Intern
1850,289,135,Business Analyst
877,449,156,Developer
1603,220,23,Intern
344,286,32,Developer
1849,293,122,Subject Matter Expert
1091,288,50,Architect
1229,21,88,DevOps Engineer
1923,356,133,Product Owner
505,284,133,Business Analyst
1452,429,102,DevOps Engineer
99,308,123,Business Analyst
1793,106,104,Senior Developer
1358,200,14,Developer
439,53,96,Tech Lead
363,414,103,Intern
791,290,57,Business Analyst
854,483,63,Project Manager
1563,406,116,Consultant
1157,45,65,QA Engineer
1383,76,23,Architect
1549,289,16,Scrum Master
1491,311,124,Developer
1116,486,100,QA Engineer
664,25,61,Tech Lead
1371,486,94,Subject Matter Expert
866,305,108,Intern
1921,452,117,DevOps Engineer
226,231,81,QA Engineer
113,298,46,Architect
666,78,38,QA Engineer
1750,120,80,Product Owner
30,63,138,Tech Lead
822,243,120,Subject Matter Expert
138,294,69,Project Manager
227,327,36,Project Manager
361,41,102,DevOps Engineer
383,282,101,Senior Developer
282,349,66,Senior Developer
1595,259,14,Senior Developer
1313,443,110,Scrum Master
166,174,152,Scrum Master
1465,443,67,Developer
1878,147,103,Intern
49,63,131,Project Manager
1260,97,115,Subject Matter Expert
945,389,107,Data Analyst
1667,179,150,Designer
1289,354,73,Project Manager
336,278,155,Business Analyst
2000,483,80,Senior Developer
1193,381,111,Developer
707,63,33,Designer
439,298,135,Tech Lead
801,407,139,Scrum Master
1913,453,60,DevOps Engineer
1700,87,27,Project Manager
696,79,151,Consultant
1655,48,42,Architect
259,174,30,Business Analyst
123,437,72,Developer
1478,196,102,DevOps Engineer
247,263,148,Developer
569,263,96,Business Analyst
128,271,59,Subject Matter Expert
327,279,129,Designer
480,149,74,Developer
992,18,139,DevOps Engineer
432,302,59,QA Engineer
1301,21,85,Tech Lead
930,110,144,Data Analyst
254,103,44,Senior Developer
235,350,136,Data Analyst
1800,322,158,DevOps Engineer
1883,44,65,Consultant
1369,52,108,Designer
1824,98,129,Consultant
887,252,97,Scrum Master
445,118,32,Architect
602,111,99,DevOps Engineer
1888,425,97,Consultant
113,188,92,Business Analyst
1007,444,37,QA Engineer
2,299,147,Business Analyst
756,53,119,Data Analyst
381,198,83,Scrum Master
323,166,154,Designer
1871,306,159,Developer
483,328,138,Data Analyst
700,66,101,Scrum Master
166,38,6,Subject Matter Expert
1960,22,73,Intern
1536,456,141,Business Analyst
150,29,29,Developer
1908,277,101,Tech Lead
430,118,84,Consultant
1021,213,55,Business Analyst
779,2,93,DevOps Engineer
882,312,133,Scrum Master
1911,64,131,DevOps Engineer
1710,471,109,Data Analyst
1423,264,24,Consultant
695,258,62,Consultant
1659,225,90,Business Analyst
1986,456,83,QA Engineer
1346,322,71,Product Owner
173,391,148,Intern
523,250,90,Intern
1215,12,100,Business Analyst
829,181,143,Data Analyst
770,500,87,Consultant
568,362,38,Designer
1598,135,60,Data Analyst
1220,321,139,Product Owner
333,172,144,Business Analyst
735,62,128,DevOps Engineer
56,158,27,Designer
457,39,124,Business Analyst
1303,388,27,Senior Developer
41,195,113,Business Analyst
1417,308,154,Consultant
1993,107,89,DevOps Engineer
151,469,60,QA Engineer
134,449,109,Scrum Master
621,394,111,Business Analyst
445,130,141,Intern
592,282,19,Subject Matter Expert
5,432,80,Tech Lead
653,278,156,QA Engineer
625,385,98,Developer
1888,205,93,Senior Developer
906,401,110,Subject Matter Expert
526,170,69,Consultant
563,406,122,Developer
542,496,17,Business Analyst
1313,480,7,Data Analyst
1448,333,108,QA Engineer
104,57,34,Project Manager
1062,404,135,Data Analyst
1818,336,136,Data Analyst
70,285,103,Architect
1993,226,127,Consultant
1493,19,116,DevOps Engineer
1154,182,49,Data Analyst
1489,181,65,Business Analyst
1032,90,21,Subject Matter Expert
664,319,43,Business Analyst
1009,79,66,Business Analyst
1634,422,101,Project Manager
1684,29,151,Architect
1191,121,27,Business Analyst
1889,32,37,Senior Developer
666,472,10,DevOps Engineer
329,116,43,Tech Lead
1991,109,26,Project Manager
516,97,40,DevOps Engineer
1376,39,68,Consultant
1223,137,136,Developer
1400,407,11,Intern
472,427,59,Architect
585,500,86,Developer
202,287,76,Subject Matter Expert
728,43,35,Developer
1612,386,23,Developer
182,76,136,Subject Matter Expert
1069,174,7,QA Engineer
1897,313,145,QA Engineer
927,220,57,Subject Matter Expert
273,338,148,Designer
1560,67,96,Business Analyst
1641,411,128,Subject Matter Expert
1629,396,137,Data Analyst
1492,428,120,Senior Developer
946,275,155,Subject Matter Expert
869,29,128,Business Analyst
74,201,147,Architect
1543,236,68,Product Owner
1752,39,144,Business Analyst
1440,121,140,Scrum Master
407,221,136,Product Owner
35,144,50,Architect
485,374,37,Consultant
1543,140,144,Architect
595,344,27,Developer
180,472,49,Business Analyst
423,308,158,Developer
677,174,80,Business Analyst
1905,379,89,Tech Lead
648,95,152,Business Analyst
1148,218,143,Consultant
447,12,25,Scrum Master
386,388,30,Scrum Master
842,187,64,Intern
1196,345,15,Senior Developer
1456,30,42,Data Analyst
598,245,12,Intern
1357,422,148,Scrum Master
544,334,84,Product Owner
506,138,50,Scrum Master
1107,308,43,Subject Matter Expert
1597,444,64,Data Analyst
881,403,104,Business Analyst
1871,288,58,Designer
1353,244,40,Project Manager
172,56,153,Product Owner
1759,142,77,QA Engineer
1457,149,108,Data Analyst
1169,99,78,Business Analyst
1694,47,36,Data Analyst
1350,172,132,Tech Lead
676,89,58,Project Manager
1088,236,113,Designer
1211,19,85,Product Owner
1011,374,97,Data Analyst
922,460,109,Intern
1105,78,81,Business Analyst
1362,89,54,Architect
590,231,128,Subject Matter Expert
1023,396,132,Project Manager
1459,494,67,Product Owner
686,404,128,Subject Matter Expert
1492,21,17,Product Owner
1796,81,129,Product Owner
1114,491,88,Developer
145,67,110,QA Engineer
1510,358,95,Designer
1732,479,61,Data Analyst
1238,372,80,Developer
360,30,5,Developer
544,180,80,Scrum Master
1327,136,91,Tech Lead
289,398,149,Business Analyst
816,278,14,DevOps Engineer
1976,328,134,Product Owner
1969,301,76,Developer
295,292,45,QA Engineer
1520,38,7,Architect
424,433,43,Subject Matter Expert
1892,172,13,Intern
1990,212,38,QA Engineer
1724,198,148,Designer
703,121,156,Consultant
1719,413,61,Tech Lead
185,269,87,Architect
577,455,5,Senior Developer
856,14,96,Senior Developer
664,302,55,Senior Developer
1024,291,130,Consultant
1379,476,76,Product Owner
619,259,143,Scrum Master
770,416,49,Business Analyst
1471,125,64,QA Engineer
466,325,114,Product Owner
1020,433,22,Business Analyst
624,37,6,Intern
858,163,124,Business Analyst
819,372,104,Project Manager
1436,374,13,DevOps Engineer
1451,141,40,Project Manager
679,67,131,Developer
1767,149,95,Product Owner
626,381,29,Tech Lead
1186,162,62,Tech Lead
464,202,147,Project Manager
699,424,66,QA Engineer
669,486,154,Subject Matter Expert
1546,222,114,Project Manager
275,307,105,Subject Matter Expert
1720,451,9,Designer
211,393,84,Project Manager
39,69,24,Senior Developer
1468,297,16,Scrum Master
1263,249,11,Designer
838,473,145,Data Analyst
1747,315,78,Scrum Master
1621,375,147,Designer
626,301,61,Scrum Master
843,4,14,Tech Lead
186,459,148,Data Analyst
1746,346,138,Scrum Master
1140,137,117,Consultant
1048,336,44,Scrum Master
1028,329,51,Data Analyst
31,400,105,Designer
698,493,154,QA Engineer
1506,343,64,Business Analyst
789,240,116,Scrum Master
1364,248,15,Designer
12,56,145,Developer
1387,191,151,Product Owner
1574,411,28,Developer
565,235,22,Data Analyst
1851,294,31,Architect
1736,95,22,Product Owner
300,216,145,Designer
1527,401,137,Architect
1483,497,156,Designer
757,236,46,Product Owner
1526,222,61,Developer
1653,61,88,Architect
664,25,140,Scrum Master
1272,223,41,DevOps Engineer
438,29,45,Business Analyst
588,151,149,Architect
146,139,72,Designer
1990,145,37,Tech Lead
1567,345,103,Business Analyst
1629,175,102,Project Manager
794,367,114,Designer
1651,449,61,Project Manager
937,323,99,Subject Matter Expert
619,179,94,QA Engineer
566,163,22,Intern
957,320,113,Consultant
1803,422,145,Intern
441,482,71,Architect
1002,240,33,Architect
304,424,69,Subject Matter Expert
1006,129,42,Scrum Master
182,2,128,Designer
1078,64,72,Tech Lead
335,484,70,Intern
164,372,63,QA Engineer
911,88,32,QA Engineer
1089,11,127,Consultant
338,17,23,Senior Developer
650,16,95,Product Owner
101,80,81,Consultant
226,72,99,Scrum Master
93,246,107,Business Analyst
627,88,26,Scrum Master
1291,94,128,Tech Lead
1785,115,14,Consultant
674,147,14,Project Manager
206,286,76,Business Analyst
1276,155,158,Intern
267,453,115,Intern
1883,146,24,Intern
461,368,37,Business Analyst
1768,218,110,Product Owner
925,146,35,Project Manager
384,37,43,DevOps Engineer
1637,214,37,Intern
1695,82,133,QA Engineer
1249,60,134,Data Analyst
1126,73,124,Architect
821,457,122,Intern
1124,462,115,DevOps Engineer
686,117,12,DevOps Engineer
1787,422,15,Tech Lead
1859,101,47,DevOps Engineer
1931,441,109,Tech Lead
444,442,123,Project Manager
656,299,102,Scrum Master
1809,300,103,Product Owner
1061,212,59,Developer
950,27,52,Product Owner
1424,15,159,Developer
1437,500,146,Subject Matter Expert
1753,119,114,Data Analyst
351,131,47,Product Owner
1975,458,66,Designer
1242,235,117,Scrum Master
356,400,43,DevOps Engineer
161,41,107,Scrum Master
141,185,83,Tech Lead
756,60,116,Senior Developer
289,328,47,Project Manager
455,217,55,Consultant
61,418,63,Business Analyst
1391,14,18,Developer
1979,285,63,Data Analyst
230,182,61,Intern
1232,399,86,Designer
258,481,158,Intern
1194,360,72,Business Analyst
1741,313,119,DevOps Engineer
18,24,70,Data Analyst
699,130,123,Developer
1020,360,48,DevOps Engineer
75,268,105,Data Analyst
1489,100,65,QA Engineer
295,75,150,Product Owner
1322,136,15,Consultant
820,217,6,Subject Matter Expert
570,490,6,Scrum Master
1591,180,20,Senior Developer
1554,338,99,Project Manager
1654,222,131,Product Owner
1710,468,49,Scrum Master
461,403,47,Consultant
265,63,70,Data Analyst
1975,123,159,Project Manager
921,45,65,Tech Lead
899,156,18,Project Manager
1269,248,57,Developer
64,218,59,Consultant
795,268,96,Consultant
1402,293,65,Product Owner
1586,116,137,QA Engineer
1741,364,132,Intern
837,63,40,Business Analyst
172,475,140,Designer
158,119,140,Business Analyst
218,433,25,Scrum Master
863,177,30,Business Analyst
231,403,129,Business Analyst
1390,254,36,Developer
671,56,21,QA Engineer
105,339,53,Consultant
1277,498,57,Intern
162,49,31,Business Analyst
208,391,51,Product Owner
562,228,83,Business Analyst
465,265,91,Senior Developer
1149,373,21,Scrum Master
1734,189,159,Project Manager
1294,119,110,Scrum Master
672,157,149,Product Owner
1083,114,104,Intern
178,473,78,Project Manager
1521,115,60,Tech Lead
1552,171,85,DevOps Engineer
797,482,9,QA Engineer
252,300,118,Consultant
691,23,93,Data Analyst
132,169,147,Developer
129,363,142,DevOps Engineer
533,154,79,Designer
848,464,142,Intern
74,327,55,Designer
309,329,148,Consultant
41,34,42,Consultant
1116,441,54,Consultant
1101,48,57,Subject Matter Expert
1259,143,71,Senior Developer
64,38,93,Developer
1317,321,88,Designer
121,441,67,Intern
1975,417,150,Data Analyst
1227,278,44,Senior Developer
1072,32,103,Business Analyst
926,381,22,Product Owner
1506,127,155,Intern
1073,419,143,Subject Matter Expert
349,51,140,Scrum Master
1413,496,152,Product Owner
1847,283,118,Senior Developer
486,112,87,Senior Developer
1856,139,73,Designer
1649,209,90,Architect
1891,418,150,Senior Developer
717,23,66,Project Manager
28,231,144,Senior Developer
1147,69,39,Senior Developer
812,399,67,DevOps Engineer
977,283,78,Senior Developer
230,422,127,Tech Lead
1375,177,22,Business Analyst
304,386,115,DevOps Engineer
1742,470,105,Scrum Master
1384,102,133,Product Owner
576,245,58,Designer
1310,477,100,Developer
397,324,42,Project Manager
41,464,8,Product Owner
294,473,68,DevOps Engineer
54,117,18,Product Owner
784,127,127,Tech Lead
558,239,44,Architect
1787,222,70,Tech Lead
892,471,80,QA Engineer
1034,213,97,Designer
262,365,115,Subject Matter Expert
1776,249,51,DevOps Engineer
1908,143,141,Subject Matter Expert
152,384,36,Data Analyst
490,98,64,Subject Matter Expert
1749,20,17,Data Analyst
385,122,91,Data Analyst
1855,396,122,Developer
1482,5,33,QA Engineer
1403,312,18,Subject Matter Expert
1902,11,141,QA Engineer
1966,106,142,Tech Lead
1185,377,149,Data Analyst
334,111,128,Product Owner
1088,13,22,Subject Matter Expert
709,30,70,Consultant
1654,174,160,Data Analyst
820,79,54,Subject Matter Expert
745,6,61,Designer
318,106,32,Business Analyst
489,316,31,Project Manager
35,391,159,Data Analyst
20,98,148,Data Analyst
269,475,138,Data Analyst
1052,400,35,Project Manager
1725,290,139,Developer
1634,405,47,Consultant
1790,385,39,Product Owner
1139,435,31,Subject Matter Expert
1045,367,31,Business Analyst
1082,173,74,Project Manager
179,465,90,Architect
1536,401,11,Tech Lead
829,118,60,Intern
1082,261,133,Data Analyst
340,466,78,Tech Lead
1586,315,131,Senior Developer
1516,421,5,Project Manager
188,48,151,Consultant
1198,59,62,Designer
294,321,140,Consultant
642,162,32,DevOps Engineer
882,346,113,Designer
813,497,5,DevOps Engineer
448,499,91,Tech Lead
1239,362,89,Product Owner
333,372,72,Subject Matter Expert
538,104,14,Project Manager
977,190,18,Developer
1522,20,137,Scrum Master
685,476,7,DevOps Engineer
631,176,129,Architect
1234,35,140,Consultant
675,366,30,Tech Lead
1860,33,63,Product Owner
22,283,140,Senior Developer
244,137,41,Scrum Master
180,254,18,Developer
1426,122,141,Architect
35,17,66,Product Owner
95,460,71,Designer
975,140,43,Architect
1013,37,69,Tech Lead
1351,343,132,Architect
1379,26,118,Scrum Master
781,61,135,Product Owner
874,442,56,Architect
380,43,47,Data Analyst
647,495,99,Senior Developer
677,61,135,Consultant
133,441,47,Business Analyst
1344,97,152,Scrum Master
1299,303,83,DevOps Engineer
1057,154,81,Senior Developer
1180,209,146,Architect
389,201,32,Tech Lead
1714,409,160,Business Analyst
103,174,95,Subject Matter Expert
230,2,90,QA Engineer
217,159,78,Senior Developer
1334,91,9,Product Owner
902,384,145,Subject Matter Expert
1211,221,117,Senior Developer
188,47,59,Intern
1218,286,129,Scrum Master
831,417,53,Business Analyst
266,33,99,QA Engineer
1026,252,41,Tech Lead
1717,39,77,Developer
1867,26,80,Tech Lead
186,397,17,QA Engineer
923,496,159,Business Analyst
179,300,106,Intern
97,48,145,Scrum Master
1590,235,147,Data Analyst
1701,26,72,Scrum Master
689,91,17,Intern
755,21,127,Architect
1649,415,20,Intern
1398,1,114,Intern
1116,119,132,Data Analyst
1325,234,17,Data Analyst
1240,48,91,Consultant
640,403,152,Product Owner
80,98,91,Business Analyst
1505,345,68,Project Manager
1505,9,115,Data Analyst
761,151,64,DevOps Engineer
729,322,152,Data Analyst
847,75,100,Project Manager
312,211,139,Project Manager
1747,215,39,Intern
1795,395,47,Intern
1260,332,23,Product Owner
1849,466,27,Developer
1464,130,102,DevOps Engineer
742,407,89,Consultant
1649,319,63,Scrum Master
1550,87,50,Product Owner
323,171,112,DevOps Engineer
356,450,95,Subject Matter Expert
1628,191,156,Consultant
960,331,79,Subject Matter Expert
1246,483,125,QA Engineer
1736,207,9,Subject Matter Expert
470,305,62,Developer
1042,477,128,Scrum Master
1500,319,119,Designer
899,292,77,Scrum Master
1237,140,62,Architect
1417,147,6,Scrum Master
1154,239,31,Intern
86,227,96,Intern
1406,360,153,QA Engineer
1023,254,87,Intern
311,394,154,Intern
808,391,151,Architect
596,68,23,Consultant
654,420,132,Intern
1530,446,46,Subject Matter Expert
444,173,56,Consultant
823,210,157,Intern
340,176,12,QA Engineer
1099,459,31,Business Analyst
419,489,154,Developer
1043,439,105,Scrum Master
1374,309,150,Project Manager
204,141,37,Developer
1176,373,116,Project Manager
1650,304,152,Subject Matter Expert
1517,96,94,Business Analyst
156,88,78,DevOps Engineer
1179,423,53,Subject Matter Expert
379,93,137,Tech Lead
842,303,57,Tech Lead
1590,253,145,Tech Lead
597,472,74,Architect
858,33,39,Intern
841,468,88,Business Analyst
41,95,63,Data Analyst
627,286,73,Product Owner
196,174,136,Intern
1362,26,158,QA Engineer
583,234,12,Project Manager
368,3,35,Tech Lead
586,372,115,Developer
1187,118,101,Data Analyst
792,181,118,Tech Lead
496,61,160,Senior Developer
297,149,118,QA Engineer
672,345,58,Architect
253,173,116,Designer
1642,295,128,Senior Developer
802,458,33,Scrum Master
800,94,140,Product Owner
826,335,53,Designer
1319,21,61,Intern
746,481,91,Product Owner
1587,66,93,Consultant
1133,252,118,Business Analyst
1282,17,42,Consultant
784,381,92,Tech Lead
1269,82,99,Consultant
621,491,146,Subject Matter Expert
1088,253,70,Senior Developer
1757,475,86,QA Engineer
870,389,101,Business Analyst
744,261,73,Consultant
489,461,71,QA Engineer
40,68,85,Data Analyst
291,436,115,Consultant
175,3,6,Developer
916,208,5,Consultant
752,374,30,Business Analyst
93,314,58,Product Owner
1231,494,85,Project Manager
92,67,155,Intern
755,65,111,Subject Matter Expert
188,486,56,QA Engineer
1098,349,5,Senior Developer
1627,356,151,DevOps Engineer
594,346,93,Tech Lead
752,449,104,Intern
954,323,18,Consultant
197,433,26,Designer
1500,95,154,Project Manager
1794,185,127,DevOps Engineer
1928,39,144,Subject Matter Expert
1846,158,27,Intern
1990,146,86,Developer
1459,144,82,Product Owner
1956,332,70,Scrum Master
168,418,153,Subject Matter Expert
554,211,40,DevOps Engineer
1612,311,137,Product Owner
1178,409,28,Intern
192,233,28,Intern
1058,436,61,Consultant
1434,18,59,Developer
1893,284,118,Product Owner
1447,212,124,Business Analyst
842,255,113,Scrum Master
632,176,72,Tech Lead
779,393,52,Business Analyst
1714,31,119,Intern
401,145,76,Senior Developer
993,92,69,QA Engineer
1430,350,145,DevOps Engineer
1816,364,105,Intern
1026,47,85,Designer
1703,185,100,QA Engineer
473,367,98,Scrum Master
1013,318,65,Consultant
1643,197,60,Developer
1952,92,123,Business Analyst
1997,75,78,Product Owner
1842,63,151,Project Manager
1161,496,64,QA Engineer
708,341,141,Intern
1041,80,90,DevOps Engineer
1898,287,123,Designer
672,328,77,Architect
1755,311,103,Architect
1829,30,56,Business Analyst
374,123,22,QA Engineer
247,12,38,Senior Developer
700,98,125,DevOps Engineer
1030,291,67,Developer
797,10,101,Consultant
1040,477,140,Tech Lead
998,125,108,Tech Lead
1780,127,120,Senior Developer
1159,439,142,Business Analyst
1975,482,60,Architect
188,202,110,Product Owner
871,271,18,Data Analyst
1577,102,104,Product Owner
494,27,38,Business Analyst
1250,477,86,Data Analyst
1663,494,119,Project Manager
914,14,123,Developer
935,450,127,Project Manager
1501,237,40,QA Engineer
1483,202,144,Consultant
839,391,63,Developer
747,464,63,QA Engineer
45,7,77,Business Analyst
792,258,155,Consultant
1911,490,116,Developer
967,9,109,Developer
440,413,29,QA Engineer
876,115,103,DevOps Engineer
1972,312,98,Architect
546,83,93,Designer
1879,59,92,Subject Matter Expert
913,190,54,Senior Developer
846,356,155,Senior Developer
1658,93,42,QA Engineer
932,322,101,Product Owner
1769,422,125,Data Analyst
299,90,41,Scrum Master
1894,408,15,Tech Lead
249,95,36,Senior Developer
255,327,76,Scrum Master
1809,229,141,Intern
886,379,107,Subject Matter Expert
74,26,138,Tech Lead
786,339,32,Tech Lead
1285,328,154,Subject Matter Expert
1521,203,123,Designer
1707,159,67,Developer
105,120,12,Subject Matter Expert
149,428,135,Senior Developer
1053,276,124,Architect
1466,164,38,Consultant
924,83,43,Product Owner
194,254,45,Consultant
39,184,7,Consultant
651,330,28,Intern
763,347,101,Senior Developer
424,242,129,Consultant
570,8,49,Developer
958,496,126,Project Manager
275,296,104,Subject Matter Expert
1139,246,51,Data Analyst
1987,363,71,Consultant
209,249,123,Architect
1503,416,63,Subject Matter Expert
18,381,146,Data Analyst
335,43,73,Business Analyst
370,369,134,Scrum Master
891,347,95,Project Manager
196,37,89,Designer
1550,426,121,Developer
983,416,142,Subject Matter Expert
1896,181,137,Product Owner
1213,16,150,Product Owner
95,157,137,Product Owner
183,451,97,Tech Lead
1159,299,73,Senior Developer
1391,13,131,DevOps Engineer
507,357,114,Designer
1807,401,101,Scrum Master
1455,75,26,Architect
998,62,37,Product Owner
1744,366,128,Tech Lead
521,220,85,Product Owner
1117,146,92,Developer
1532,426,59,Architect
1083,70,56,Designer
673,402,27,Product Owner
862,137,8,Project Manager
924,23,92,DevOps Engineer
479,20,113,Tech Lead
852,463,91,Product Owner
1087,224,66,Scrum Master
1519,389,16,Project Manager
1473,30,142,Product Owner
674,319,88,Data Analyst
1746,497,76,Developer
745,14,50,QA Engineer
303,132,154,Tech Lead
1183,183,35,Senior Developer
1544,153,67,DevOps Engineer
590,369,69,QA Engineer
486,36,113,Designer
1487,494,127,Data Analyst
1782,367,19,Project Manager
770,106,41,Architect
1571,396,53,Designer
1611,11,24,Developer
668,188,51,Product Owner
1056,370,67,QA Engineer
1629,12,93,Consultant
1208,120,87,Tech Lead
1006,138,77,QA Engineer
1824,96,160,Project Manager
1384,270,77,Subject Matter Expert
1628,338,26,Business Analyst
465,341,149,Data Analyst
207,69,88,Intern
809,435,156,Tech Lead
501,304,116,Tech Lead
1712,445,50,Tech Lead
1628,429,34,Data Analyst
1634,317,20,Tech Lead
369,242,62,QA Engineer
1102,275,98,Senior Developer
1101,449,154,Senior Developer
1853,52,69,DevOps Engineer
612,385,39,Data Analyst
171,333,77,Product Owner
982,169,108,Tech Lead
674,384,33,DevOps Engineer
1533,266,52,Consultant
785,163,154,Architect
729,260,19,Project Manager
674,465,146,Designer
1571,126,13,Data Analyst
1864,349,42,Data Analyst
1726,141,95,Project Manager
285,46,66,DevOps Engineer
226,376,156,Tech Lead
1751,107,108,Tech Lead
407,279,115,Scrum Master
1320,132,127,Designer
1100,297,52,Consultant
223,475,98,Business Analyst
1389,53,15,QA Engineer
465,105,83,Business Analyst
140,68,152,Intern
1323,449,72,Product Owner
478,355,35,Subject Matter Expert
1536,235,27,Business Analyst
1877,20,33,Senior Developer
1548,314,86,DevOps Engineer
1306,212,51,Subject Matter Expert
935,66,66,Subject Matter Expert
1806,66,157,QA Engineer
326,299,100,Business Analyst
925,161,50,Intern
1715,471,98,Architect
518,241,117,Tech Lead
862,102,93,Business Analyst
1508,59,6,DevOps Engineer
1173,217,58,Data Analyst
1310,77,56,Developer
1993,457,113,Intern
911,203,138,Senior Developer
700,449,21,Subject Matter Expert
474,196,133,Business Analyst
1864,10,6,Senior Developer
1500,324,144,Designer
152,379,127,Project Manager
1481,476,38,Product Owner
1872,448,31,Senior Developer
1674,196,147,Business Analyst
1398,60,141,Scrum Master
1484,368,21,Designer
360,160,85,Developer
1416,52,69,Scrum Master
1387,134,137,Data Analyst
1487,420,32,Designer
93,491,7,Consultant
937,242,60,DevOps Engineer
761,347,145,DevOps Engineer
1933,146,15,Senior Developer
221,420,152,Tech Lead
412,288,146,Senior Developer
122,274,32,Developer
1936,315,50,Product Owner
337,290,15,Subject Matter Expert
1582,379,68,Data Analyst
214,86,35,Scrum Master
1580,67,22,Scrum Master
26,409,82,Senior Developer
1729,285,58,QA Engineer
505,212,71,Senior Developer
1497,24,78,DevOps Engineer
1390,138,54,Business Analyst
1479,415,118,Project Manager
1640,476,138,Consultant
272,428,120,Intern
1097,461,105,Architect
504,92,138,Business Analyst
707,166,81,QA Engineer
286,87,130,Subject Matter Expert
1401,409,126,Scrum Master
1596,449,100,DevOps Engineer
1791,476,109,Senior Developer
1223,423,133,Consultant
1832,313,122,DevOps Engineer
1448,427,24,DevOps Engineer
640,158,28,Scrum Master
1102,215,88,Project Manager
188,289,18,Business Analyst
1272,489,41,Senior Developer
1263,235,87,Designer
703,435,99,Intern
658,274,56,Data Analyst
523,432,119,QA Engineer
1760,215,118,Data Analyst
1756,330,108,Tech Lead
1232,489,28,Project Manager
1407,386,14,Designer
872,339,134,QA Engineer
1462,354,87,Designer
186,247,37,Consultant
1011,312,87,Subject Matter Expert
1750,395,9,Designer
1445,472,131,Developer
1728,301,32,Data Analyst
1035,472,34,Data Analyst
1409,430,5,Scrum Master
1573,232,135,Consultant
1706,493,9,Architect
709,360,41,Subject Matter Expert
899,428,121,Tech Lead
1545,85,45,Scrum Master
1319,41,28,Senior Developer
1469,346,104,Consultant
32,127,30,DevOps Engineer
394,52,135,Tech Lead
1523,265,158,DevOps Engineer
1813,325,86,Product Owner
689,372,114,Consultant
1079,71,29,Scrum Master
934,117,154,QA Engineer
1676,498,57,Designer
1003,205,82,Scrum Master
1065,178,97,Project Manager
1034,454,122,Intern
584,299,32,Scrum Master
18,152,65,Tech Lead
731,45,87,Subject Matter Expert
197,115,111,Architect
1473,385,12,Project Manager
1578,252,12,Scrum Master
982,26,6,Project Manager
895,407,30,Intern
1715,22,148,Subject Matter Expert
1484,290,160,Project Manager
1720,13,41,Developer
1807,412,43,Business Analyst
1442,82,96,Tech Lead
292,406,78,Business Analyst
240,268,87,Scrum Master
677,176,25,Architect
1305,305,120,Business Analyst
498,432,58,Developer
616,439,20,Scrum Master
1568,20,77,Scrum Master
129,73,83,Developer
1509,206,139,Product Owner
1942,166,104,Tech Lead
723,159,61,Project Manager
1168,340,96,Business Analyst
57,432,68,Project Manager
1587,371,78,QA Engineer
988,151,83,Tech Lead
1072,25,52,Scrum Master
184,329,38,Business Analyst
445,135,113,Tech Lead
1394,200,42,Tech Lead
1225,96,10,Scrum Master
1660,188,64,Scrum Master
1052,97,137,Data Analyst
457,21,48,Project Manager
677,413,94,Business Analyst
372,221,114,DevOps Engineer
934,397,72,DevOps Engineer
1185,393,131,Project Manager
841,276,43,QA Engineer
963,192,93,QA Engineer
1220,201,114,Architect
1531,471,123,Tech Lead
139,238,14,Data Analyst
348,358,118,QA Engineer
552,22,118,Consultant
127,436,111,Tech Lead
446,365,104,Project Manager
1025,356,138,Scrum Master
568,288,72,Consultant
796,499,82,Data Analyst
1313,382,43,Senior Developer
1789,344,123,DevOps Engineer
493,189,27,Developer
1021,483,92,Subject Matter Expert
396,415,97,Tech Lead
970,474,129,Subject Matter Expert
614,338,108,Product Owner
1759,466,148,Senior Developer
1527,436,129,Designer
1519,402,101,Intern
1599,237,152,Business Analyst
679,202,34,Designer
382,394,156,Intern
620,499,144,Scrum Master
889,456,124,Designer
447,72,160,Product Owner
1925,149,18,Business Analyst
486,104,97,QA Engineer
1912,474,35,Intern
391,59,123,Project Manager
614,289,45,Subject Matter Expert
220,343,108,Architect
642,268,140,Intern
1722,63,88,Data Analyst
572,135,7,Subject Matter Expert
1291,421,102,Developer
994,285,22,Senior Developer
859,190,157,Consultant
843,233,131,Developer
1818,141,28,Product Owner
1764,12,11,DevOps Engineer
511,140,16,Data Analyst
663,453,100,Product Owner
1409,228,37,Senior Developer
1134,178,51,Product Owner
677,112,159,DevOps Engineer
551,292,103,Subject Matter Expert
85,125,125,Developer
1469,370,14,Consultant
697,313,116,QA Engineer
140,359,155,Senior Developer
1073,458,106,Senior Developer
1077,102,7,Product Owner
605,10,78,Designer
704,333,109,Business Analyst
83,196,141,Senior Developer
1888,464,57,Scrum Master
1820,368,20,Data Analyst
677,49,74,DevOps Engineer
1069,249,55,Data Analyst
1472,14,27,Data Analyst
848,364,79,Architect
385,180,91,Data Analyst
1557,177,89,Consultant
467,129,160,Project Manager
673,114,157,Designer
839,437,143,Scrum Master
1312,20,32,Consultant
1435,16,8,DevOps Engineer
208,34,155,Intern
35,484,9,Consultant
334,326,105,Business Analyst
1475,480,78,Project Manager
476,308,144,Designer
76,65,138,Designer
1105,22,142,Scrum Master
1043,22,148,Scrum Master
1564,366,65,Architect
819,471,105,Business Analyst
848,164,16,Subject Matter Expert
1165,294,52,DevOps Engineer
1130,384,102,Senior Developer
1172,499,141,Intern
1517,124,43,Business Analyst
1579,249,98,DevOps Engineer
901,166,48,Consultant
706,49,96,Intern
1269,38,61,Product Owner
1137,111,17,Consultant
494,202,47,Intern
1881,408,21,Tech Lead
1598,5,120,Intern
1266,2,116,Subject Matter Expert
247,233,30,QA Engineer
1966,496,132,Data Analyst
927,87,92,DevOps Engineer
128,168,134,Designer
393,262,62,Senior Developer
1959,244,80,Tech Lead
1850,425,30,Senior Developer
941,229,116,Subject Matter Expert
1204,495,38,Data Analyst
1729,402,46,Scrum Master
1014,246,141,Consultant
1493,460,113,Product Owner
1767,138,96,Project Manager
763,63,10,DevOps Engineer
1088,370,33,DevOps Engineer
592,210,45,Business Analyst
817,236,45,Project Manager
1396,480,18,Architect
619,120,20,Senior Developer
1589,398,21,Consultant
1393,45,31,Consultant
1930,452,29,Scrum Master
1772,479,80,Developer
576,74,33,Intern
1374,158,87,Project Manager
785,388,102,Designer
17,323,38,Product Owner
388,64,90,Tech Lead
306,83,152,Product Owner
1461,206,38,Consultant
1895,493,73,Architect
1528,466,136,Subject Matter Expert
149,487,36,Architect
1284,191,137,QA Engineer
1531,258,142,Intern
1515,406,106,Developer
1022,258,8,DevOps Engineer
1510,111,61,Product Owner
751,347,75,Subject Matter Expert
887,33,90,QA Engineer
686,178,109,Designer
360,352,91,Architect
326,20,32,Designer
525,235,113,Designer
103,374,12,Project Manager
1365,72,135,Senior Developer
270,478,97,QA Engineer
417,39,50,Business Analyst
1578,234,136,Architect
540,80,86,DevOps Engineer
725,228,23,Consultant
728,475,89,Consultant
1698,451,10,Consultant
1881,32,73,Designer
1577,203,81,DevOps Engineer
1113,385,125,Subject Matter Expert
556,402,89,Data Analyst
164,73,48,DevOps Engineer
1391,349,24,Product Owner
518,389,120,Data Analyst
215,447,129,Project Manager
791,249,120,Project Manager
583,393,39,Consultant
743,430,119,Project Manager
1032,252,100,Business Analyst
1687,116,126,Scrum Master
913,101,52,Developer
634,288,52,Consultant
1775,341,159,Product Owner
99,329,150,Designer
319,302,68,QA Engineer
1452,409,98,Project Manager
1788,79,107,Developer
1488,358,6,Designer
84,105,106,QA Engineer
129,412,11,Business Analyst
273,27,39,Project Manager
1446,254,97,QA Engineer
285,39,22,Senior Developer
801,231,127,Consultant
1923,350,45,QA Engineer
529,161,39,Scrum Master
326,194,79,Consultant
596,499,79,Product Owner
1138,80,56,DevOps Engineer
434,192,135,Business Analyst
1722,459,160,Business Analyst
1624,411,33,Product Owner
1593,249,118,Product Owner
1942,13,41,Subject Matter Expert
1832,254,80,Developer
1678,325,17,Consultant
1157,29,100,Scrum Master
498,262,94,Designer
952,238,38,Data Analyst
839,230,66,Developer
756,26,142,Data Analyst
74,298,37,Project Manager
1232,89,130,Developer
49,223,85,Product Owner
758,450,99,Data Analyst
683,295,158,DevOps Engineer
246,484,34,Developer
1177,2,134,Subject Matter Expert
1430,353,131,Intern
1333,31,75,Scrum Master
1070,37,140,Tech Lead
141,240,118,QA Engineer
615,10,124,QA Engineer
823,22,24,Consultant
1115,59,70,Product Owner
995,451,157,Developer
782,156,39,Business Analyst
1269,168,36,Subject Matter Expert
1793,486,142,Data Analyst
1027,279,147,Designer
241,54,33,Product Owner
648,126,71,Developer
929,207,125,Project Manager
1294,376,135,Tech Lead
1452,404,66,Data Analyst
660,194,38,Designer
230,224,109,Intern
793,289,149,Product Owner
1589,49,97,Product Owner
1765,154,88,Data Analyst
405,392,102,Subject Matter Expert
237,455,64,Scrum Master
1413,162,51,Scrum Master
537,218,89,DevOps Engineer
1849,340,6,Subject Matter Expert
769,242,94,Consultant
787,251,143,Designer
1821,89,123,Business Analyst
1125,236,132,QA Engineer
1832,314,116,Designer
205,470,103,Business Analyst
706,314,94,Data Analyst
1081,464,160,Business Analyst
884,373,119,Developer
1927,292,90,QA Engineer
1280,186,143,Product Owner
1900,360,45,Architect
2,41,115,Senior Developer
769,261,37,Project Manager
872,332,33,QA Engineer
178,281,37,Senior Developer
1366,475,152,Product Owner
943,9,62,Senior Developer
1637,470,78,Project Manager
1647,144,72,Subject Matter Expert
1800,325,114,Architect
1461,481,137,Architect
208,463,83,Intern
459,251,133,Project Manager
1832,61,44,Project Manager
1556,265,160,Designer
366,306,140,Senior Developer
1987,72,64,Intern
1647,4,43,Project Manager
580,4,49,Intern
152,139,107,Product Owner
549,337,34,Designer
527,484,106,DevOps Engineer
1401,381,125,Scrum Master
437,103,97,Data Analyst
409,181,155,Senior Developer
1941,426,39,Subject Matter Expert
1908,102,32,Designer
301,211,45,Senior Developer
1221,409,133,Scrum Master
1323,319,122,Developer
172,318,30,Consultant
1835,474,129,Designer
1769,64,142,Developer
1386,438,13,Intern
1800,110,144,Product Owner
508,474,46,Subject Matter Expert
86,11,15,QA Engineer
201,131,47,Architect
1681,94,13,Consultant
145,359,95,Architect
753,287,144,Intern
790,53,94,QA Engineer
1855,159,9,Scrum Master
725,330,88,DevOps Engineer
101,367,10,Developer
487,88,5,Data Analyst
350,483,29,Senior Developer
378,171,157,Business Analyst
832,442,141,Scrum Master
1964,188,124,Senior Developer
524,175,109,Subject Matter Expert
1313,193,145,Designer
279,14,110,Tech Lead
520,389,28,Project Manager
321,189,152,Scrum Master
883,461,12,QA Engineer
770,65,108,Designer
1610,433,111,Scrum Master
1765,116,160,Scrum Master
1979,392,13,QA Engineer
366,496,5,Architect
1052,101,99,Consultant
1178,81,41,Architect
90,256,108,Product Owner
1903,447,50,Data Analyst
856,359,159,Developer
98,1,98,Designer
488,266,156,Scrum Master
1377,323,124,Subject Matter Expert
1016,318,40,Tech Lead
1425,230,70,Designer
967,360,73,Subject Matter Expert
731,54,34,DevOps Engineer
998,399,75,Developer
448,444,144,Developer
194,138,67,QA Engineer
2,23,15,Product Owner
808,362,76,DevOps Engineer
619,344,87,Designer
401,454,51,Developer
108,189,154,Data Analyst
866,275,119,QA Engineer
1236,335,155,Subject Matter Expert
1581,187,137,Business Analyst
1736,337,131,Intern
69,12,123,Designer
1610,305,73,Project Manager
1092,183,27,Senior Developer
380,469,59,Consultant
1439,338,134,Product Owner
132,100,120,Designer
711,89,92,Intern
1010,10,76,Subject Matter Expert
1722,63,97,Project Manager
1898,213,52,Data Analyst
1060,469,80,Data Analyst
183,330,15,Scrum Master
1118,298,91,Subject Matter Expert
206,21,148,Subject Matter Expert
512,76,97,DevOps Engineer
739,472,110,Consultant
1789,150,46,QA Engineer
1031,442,132,Developer
804,154,112,DevOps Engineer
784,490,152,QA Engineer
1579,196,152,Scrum Master
828,364,106,Subject Matter Expert
1715,451,61,Intern
920,53,62,Product Owner
1661,172,72,Subject Matter Expert
1289,150,90,DevOps Engineer
286,44,66,Business Analyst
1688,437,51,Tech Lead
62,335,136,Architect
403,315,84,Business Analyst
348,365,158,Developer
331,288,105,Intern
1356,416,10,QA Engineer
642,101,50,Consultant
709,199,25,Intern
1542,50,149,Subject Matter Expert
1127,133,31,Subject Matter Expert
286,303,104,Architect
1504,346,12,Tech Lead
1899,289,81,Developer
801,237,80,Consultant
1619,33,103,Senior Developer
467,51,56,Intern
120,281,70,Consultant
1913,381,59,DevOps Engineer
340,385,153,Designer
195,415,20,Senior Developer
1474,229,57,Project Manager
681,144,61,Senior Developer
847,206,129,Subject Matter Expert
1365,500,13,Project Manager
882,90,153,Data Analyst
72,450,56,QA Engineer
1987,123,75,Scrum Master
975,93,25,QA Engineer
278,331,96,DevOps Engineer
1663,154,154,Subject Matter Expert
688,45,153,Consultant
1995,488,83,Product Owner
487,332,57,Product Owner
1901,453,131,Developer
1516,404,103,Data Analyst
144,208,85,Senior Developer
450,32,74,Intern
1044,188,86,Designer
926,91,71,Project Manager
286,174,42,Business Analyst
1011,192,112,Designer
1709,298,35,Subject Matter Expert
1035,405,26,Designer
208,163,160,Data Analyst
943,267,82,Business Analyst
450,273,46,QA Engineer
1145,288,81,Data Analyst
1681,221,142,Project Manager
1577,296,153,Senior Developer
242,402,124,Consultant
1187,188,150,Tech Lead
193,219,101,Designer
1278,400,122,Project Manager
474,237,78,Tech Lead
1006,440,154,Intern
1585,277,26,Designer
524,280,85,Data Analyst
992,163,42,Intern
1128,46,133,DevOps Engineer
1615,445,86,Consultant
322,236,26,QA Engineer
652,111,143,Intern
1416,240,154,Product Owner
1462,240,126,Subject Matter Expert
1078,492,121,Consultant
992,313,20,Intern
1048,228,136,Scrum Master
1216,203,134,Subject Matter Expert
590,294,17,Tech Lead
763,417,27,Project Manager
560,251,128,Consultant
1136,492,6,Data Analyst
1035,195,51,Architect
707,119,116,Product Owner
368,179,34,Product Owner
1004,99,66,Subject Matter Expert
1006,56,69,Architect
604,338,140,Developer
811,225,52,DevOps Engineer
1194,333,44,Product Owner
1829,48,27,Designer
1592,267,84,Developer
1134,123,120,Scrum Master
1160,340,68,Architect
699,416,157,Project Manager
1261,462,136,Data Analyst
531,433,43,Scrum Master
489,102,96,Tech Lead
1582,309,142,DevOps Engineer
1118,81,75,Architect
482,364,147,DevOps Engineer
871,73,83,Project Manager
1292,69,115,Tech Lead
1290,286,99,Developer
485,458,131,Scrum Master
1116,77,74,DevOps Engineer
648,2,57,Project Manager
1703,76,124,Intern
520,352,46,Subject Matter Expert
956,271,39,Tech Lead
1077,411,122,Project Manager
1455,100,92,Project Manager
970,389,76,Architect
494,318,52,Tech Lead
1391,420,127,Senior Developer
313,142,144,Architect
1700,393,77,Developer
460,197,50,Architect
780,13,74,DevOps Engineer
1930,11,54,Intern
169,474,43,Designer
1152,371,48,Consultant
1368,379,52,Intern
1365,236,57,Intern
1135,218,146,Data Analyst
308,83,117,Product Owner
42,370,30,Tech Lead
1333,40,31,Intern
1886,491,145,Scrum Master
243,245,87,Product Owner
1141,208,100,Tech Lead
1371,116,77,Designer
462,223,12,Intern
692,172,108,QA Engineer
147,321,133,Consultant
247,459,140,Subject Matter Expert
779,372,30,Business Analyst
443,53,39,Designer
1943,49,108,Project Manager
1882,285,65,Data Analyst
72,294,121,Business Analyst
1760,213,155,Tech Lead
1571,86,141,QA Engineer
1340,187,91,Developer
1432,104,123,Developer
662,328,125,Subject Matter Expert
748,318,19,QA Engineer
1663,135,105,QA Engineer
1082,190,29,Subject Matter Expert
1173,375,138,Designer
1759,470,48,Consultant
1738,134,76,Intern
407,79,42,Tech Lead
237,209,55,Tech Lead
914,125,142,DevOps Engineer
600,251,61,Data Analyst
1006,12,134,Subject Matter Expert
1383,233,43,Scrum Master
458,208,41,Business Analyst
162,443,87,QA Engineer
671,70,125,QA Engineer
1962,185,29,Developer
600,185,88,Consultant
48,325,123,Intern
1647,356,30,Architect
854,90,49,Designer
807,181,90,Developer
1658,466,90,Developer
211,319,18,DevOps Engineer
225,357,6,Data Analyst
1845,249,30,Project Manager
404,248,120,Senior Developer
1400,223,123,Intern
607,372,142,Consultant
229,135,16,DevOps Engineer
309,339,7,Senior Developer
1848,109,114,Scrum Master
1776,199,11,Senior Developer
395,237,157,Intern
495,121,45,Designer
1334,318,65,Data Analyst
110,259,55,Architect
838,487,160,Product Owner
1011,410,102,DevOps Engineer
918,260,110,Project Manager
1534,152,46,Product Owner
587,211,139,Intern
48,406,39,Developer
547,189,6,DevOps Engineer
1061,414,25,Business Analyst
1227,260,76,Product Owner
1699,215,106,Data Analyst
581,245,110,Consultant
1588,17,5,Architect
974,377,41,DevOps Engineer
1587,256,143,Tech Lead
30,271,138,Intern
832,201,20,DevOps Engineer
1105,93,73,Intern
1544,344,89,Product Owner
1356,13,99,Subject Matter Expert
1442,185,31,Tech Lead
90,491,138,DevOps Engineer
1283,461,133,Senior Developer
302,282,34,Product Owner
1501,327,158,Designer
1786,480,147,Project Manager
424,377,93,DevOps Engineer
179,180,51,Consultant
81,3,113,Consultant
985,459,92,Data Analyst
315,150,16,Product Owner
735,217,104,Consultant
33,54,94,Subject Matter Expert
1020,438,15,Scrum Master
276,385,92,Subject Matter Expert
1845,330,156,QA Engineer
191,156,8,Intern
1923,106,78,QA Engineer
333,44,94,Tech Lead
1596,364,47,Scrum Master
1515,448,53,Data Analyst
421,346,25,Consultant
667,400,34,Senior Developer
1915,327,117,Scrum Master
5,78,160,DevOps Engineer
137,244,93,Architect
815,171,11,Intern
1496,220,44,Data Analyst
1668,17,108,Consultant
1277,234,137,Project Manager
472,470,140,Subject Matter Expert
1368,485,109,Tech Lead
1298,220,138,Product Owner
997,351,6,Product Owner
1744,485,25,Scrum Master
118,320,125,Architect
1284,285,145,Developer
1003,433,41,Tech Lead
1095,11,158,Architect
1452,493,122,Senior Developer
370,61,81,Intern
1078,485,63,Tech Lead
1845,399,49,Senior Developer
1481,228,99,Business Analyst
1126,14,6,Intern
110,81,77,Business Analyst
327,339,159,Consultant
835,8,35,Tech Lead
1496,487,129,Developer
1730,271,44,Senior Developer
20,308,55,Project Manager
456,414,39,DevOps Engineer
810,305,114,Consultant
1910,488,130,Developer
1065,336,133,Developer
104,74,108,Project Manager
610,334,136,Project Manager
1044,255,62,Project Manager
1466,7,94,Designer
405,404,28,QA Engineer
1962,460,152,Data Analyst
245,211,89,Scrum Master
1161,357,51,Product Owner
184,79,36,QA Engineer
705,331,141,QA Engineer
1999,492,126,Developer
904,21,50,Scrum Master
212,129,152,Product Owner
